JLM_JSR166_UTILCONCURRENT_MONITORENTER,com/alibaba/spring/beans/factory/annotation/AbstractAnnotationBeanPostProcessor.java,301
RV_RETURN_VALUE_OF_PUTIFABSENT_IGNORED,com/alibaba/spring/beans/factory/annotation/AbstractAnnotationBeanPostProcessor.java,411
UWF_UNWRITTEN_FIELD,com/alibaba/spring/beans/factory/annotation/AbstractAnnotationBeanPostProcessor.java,607
SIC_INNER_SHOULD_BE_STATIC,com/alibaba/spring/beans/factory/annotation/AbstractAnnotationBeanPostProcessor.java,557
UWF_UNWRITTEN_FIELD,com/alibaba/spring/beans/factory/annotation/AbstractAnnotationBeanPostProcessor.java,575
UC_USELESS_OBJECT,com/alibaba/spring/beans/factory/annotation/AnnotationBeanDefinitionRegistryPostProcessor.java,266
JLM_JSR166_UTILCONCURRENT_MONITORENTER,com/alibaba/spring/beans/factory/annotation/AnnotationInjectedBeanPostProcessor.java,236
RV_RETURN_VALUE_OF_PUTIFABSENT_IGNORED,com/alibaba/spring/beans/factory/annotation/AnnotationInjectedBeanPostProcessor.java,345
UWF_UNWRITTEN_FIELD,com/alibaba/spring/beans/factory/annotation/AnnotationInjectedBeanPostProcessor.java,504
UWF_UNWRITTEN_FIELD,com/alibaba/spring/beans/factory/annotation/AnnotationInjectedBeanPostProcessor.java,472
SF_SWITCH_NO_DEFAULT,com/alibaba/spring/util/AnnotationUtils.java,100
EQ_COMPARETO_USE_OBJECT_EQUALS,com/alibaba/spring/util/BeanUtils.java,362
SE_COMPARATOR_SHOULD_BE_SERIALIZABLE,com/alibaba/spring/util/BeanUtils.java,348
DP_DO_INSIDE_DO_PRIVILEGED,com/alibaba/spring/util/FieldUtils.java,77
