VA_FORMAT_STRING_USES_NEWLINE,/home/codegex/Documents/workspace/codegex/rbugs_experiments/top100repos/biojava/biojava-structure/src/main/java/org/biojava/nbio/structure/align/fatcat/calc/AFPCalculator.java,134,"			String msg = String.format(""possible AFP-pairs %d, remain %d after filter 1 remove %d; filter 2 remove %d\n"",
					n0, afpNum, n1, n2);
"
VA_FORMAT_STRING_USES_NEWLINE,/home/codegex/Documents/workspace/codegex/rbugs_experiments/top100repos/biojava/biojava-structure/src/main/java/org/biojava/nbio/structure/align/fatcat/calc/AFPCalculator.java,292,"						System.err.println(String.format(""Warning: wrong afp index %d %d\n"", i, afpSet.get(b).getP1()));
"
DM_NUMBER_CTOR,/home/codegex/Documents/workspace/codegex/rbugs_experiments/top100repos/biojava/biojava-structure-gui/src/main/java/org/biojava/nbio/structure/gui/util/AlternativeAlignmentFrame.java,129,"			data[i][0] = new Integer(i+1);
"
DM_NUMBER_CTOR,/home/codegex/Documents/workspace/codegex/rbugs_experiments/top100repos/biojava/biojava-structure-gui/src/main/java/org/biojava/nbio/structure/gui/util/AlternativeAlignmentFrame.java,130,"			data[i][1] = new Integer(alig.getEqr());
"
DM_NUMBER_CTOR,/home/codegex/Documents/workspace/codegex/rbugs_experiments/top100repos/biojava/biojava-structure-gui/src/main/java/org/biojava/nbio/structure/gui/util/AlternativeAlignmentFrame.java,133,"			data[i][4] = new Integer(alig.getGaps());
"
DM_NUMBER_CTOR,/home/codegex/Documents/workspace/codegex/rbugs_experiments/top100repos/biojava/biojava-structure-gui/src/main/java/org/biojava/nbio/structure/gui/util/AlternativeAlignmentFrame.java,134,"			data[i][5] = new Integer(alig.getCluster());
"
DM_FP_NUMBER_CTOR,/home/codegex/Documents/workspace/codegex/rbugs_experiments/top100repos/biojava/biojava-structure-gui/src/main/java/org/biojava/nbio/structure/gui/util/AlternativeAlignmentFrame.java,131,"			data[i][2] = new Double(alig.getScore());
"
DM_FP_NUMBER_CTOR,/home/codegex/Documents/workspace/codegex/rbugs_experiments/top100repos/biojava/biojava-structure-gui/src/main/java/org/biojava/nbio/structure/gui/util/AlternativeAlignmentFrame.java,132,"			data[i][3] = new Double(alig.getRmsd());
"
VA_FORMAT_STRING_USES_NEWLINE,/home/codegex/Documents/workspace/codegex/rbugs_experiments/top100repos/biojava/biojava-structure/src/main/java/org/biojava/nbio/structure/domain/pdp/ClusterDomains.java,104,"					if(verbose) System.out.println(String.format("" maximum_value = %f S_value = %f\n"",maximum_value, S_value));
"
BX_BOXING_IMMEDIATELY_UNBOXED_TO_PERFORM_COERCION,/home/codegex/Documents/workspace/codegex/rbugs_experiments/top100repos/biojava/biojava-structure/src/main/java/org/biojava/nbio/structure/domain/pdp/ClusterDomains.java,80,"					long size1= new Double(Math.min(PDPParameters.MAXSIZE,minDomSize)).longValue();
"
BX_BOXING_IMMEDIATELY_UNBOXED_TO_PERFORM_COERCION,/home/codegex/Documents/workspace/codegex/rbugs_experiments/top100repos/biojava/biojava-structure/src/main/java/org/biojava/nbio/structure/domain/pdp/ClusterDomains.java,81,"					long size2= new Double(Math.min(PDPParameters.MAXSIZE,maxDomSize)).longValue();
"
BX_BOXING_IMMEDIATELY_UNBOXED_TO_PERFORM_COERCION,/home/codegex/Documents/workspace/codegex/rbugs_experiments/top100repos/biojava/biojava-structure/src/main/java/org/biojava/nbio/structure/domain/pdp/ClusterDomains.java,93,"					total_max_contacts=new Double(minDomSize*maxDomSize*10).longValue();
"
BX_BOXING_IMMEDIATELY_UNBOXED_TO_PERFORM_COERCION,/home/codegex/Documents/workspace/codegex/rbugs_experiments/top100repos/biojava/biojava-structure/src/main/java/org/biojava/nbio/structure/domain/pdp/ClusterDomains.java,94,"					if(size1>130) total_max_contacts=new Double(minDomSize*maxDomSize*9).longValue();
"
DM_FP_NUMBER_CTOR,/home/codegex/Documents/workspace/codegex/rbugs_experiments/top100repos/biojava/biojava-structure/src/main/java/org/biojava/nbio/structure/domain/pdp/ClusterDomains.java,80,"					long size1= new Double(Math.min(PDPParameters.MAXSIZE,minDomSize)).longValue();
"
DM_FP_NUMBER_CTOR,/home/codegex/Documents/workspace/codegex/rbugs_experiments/top100repos/biojava/biojava-structure/src/main/java/org/biojava/nbio/structure/domain/pdp/ClusterDomains.java,81,"					long size2= new Double(Math.min(PDPParameters.MAXSIZE,maxDomSize)).longValue();
"
DM_FP_NUMBER_CTOR,/home/codegex/Documents/workspace/codegex/rbugs_experiments/top100repos/biojava/biojava-structure/src/main/java/org/biojava/nbio/structure/domain/pdp/ClusterDomains.java,93,"					total_max_contacts=new Double(minDomSize*maxDomSize*10).longValue();
"
DM_FP_NUMBER_CTOR,/home/codegex/Documents/workspace/codegex/rbugs_experiments/top100repos/biojava/biojava-structure/src/main/java/org/biojava/nbio/structure/domain/pdp/ClusterDomains.java,94,"					if(size1>130) total_max_contacts=new Double(minDomSize*maxDomSize*9).longValue();
"
IIO_INEFFICIENT_INDEX_OF,/home/codegex/Documents/workspace/codegex/rbugs_experiments/top100repos/biojava/biojava-structure/src/main/java/org/biojava/nbio/structure/io/PDBBioAssemblyParser.java,154,"		int index = line.indexOf("":"");
"
DMI_HARDCODED_ABSOLUTE_FILENAME,/home/codegex/Documents/workspace/codegex/rbugs_experiments/top100repos/biojava/biojava-core/src/main/java/org/biojava/nbio/core/sequence/io/FastaWriter.java,133,"			FileInputStream is = new FileInputStream(""/Users/Scooter/scripps/dyadic/c1-454Scaffolds.faa"");
"
DMI_HARDCODED_ABSOLUTE_FILENAME,/home/codegex/Documents/workspace/codegex/rbugs_experiments/top100repos/biojava/biojava-core/src/main/java/org/biojava/nbio/core/sequence/io/FastaWriter.java,143,"			FileOutputStream fileOutputStream = new FileOutputStream(""/Users/Scooter/scripps/dyadic/c1-454Scaffolds_temp.faa"");
"
ES_COMPARING_STRINGS_WITH_EQ,/home/codegex/Documents/workspace/codegex/rbugs_experiments/top100repos/biojava/biojava-structure-gui/src/main/java/org/biojava/nbio/structure/align/gui/jmol/MultipleAlignmentJmol.java,241,"				if (value == ""Set1"") {
"
ES_COMPARING_STRINGS_WITH_EQ,/home/codegex/Documents/workspace/codegex/rbugs_experiments/top100repos/biojava/biojava-structure-gui/src/main/java/org/biojava/nbio/structure/align/gui/jmol/MultipleAlignmentJmol.java,243,"				} else if (value == ""Set2"") {
"
ES_COMPARING_STRINGS_WITH_EQ,/home/codegex/Documents/workspace/codegex/rbugs_experiments/top100repos/biojava/biojava-structure-gui/src/main/java/org/biojava/nbio/structure/align/gui/jmol/MultipleAlignmentJmol.java,245,"				} else if (value == ""Spectral"") {
"
ES_COMPARING_STRINGS_WITH_EQ,/home/codegex/Documents/workspace/codegex/rbugs_experiments/top100repos/biojava/biojava-structure-gui/src/main/java/org/biojava/nbio/structure/align/gui/jmol/MultipleAlignmentJmol.java,247,"				} else if (value == ""Pastel"") {
"
IIO_INEFFICIENT_INDEX_OF,/home/codegex/Documents/workspace/codegex/rbugs_experiments/top100repos/biojava/biojava-survival/src/main/java/org/biojava/nbio/survival/cox/CoxR.java,158,"			if (variable.indexOf("":"") != -1) {
"
DMI_HARDCODED_ABSOLUTE_FILENAME,/home/codegex/Documents/workspace/codegex/rbugs_experiments/top100repos/biojava/biojava-genome/src/main/java/org/biojava/nbio/genome/parsers/geneid/GeneIDXMLReader.java,91,"			FastaWriterHelper.writeProteinSequence(new File(""/Users/Scooter/scripps/dyadic/geneid/geneid/c1_geneid.faa""), proteinSequenceHashMap.values());
"
DMI_HARDCODED_ABSOLUTE_FILENAME,/home/codegex/Documents/workspace/codegex/rbugs_experiments/top100repos/biojava/biojava-genome/src/main/java/org/biojava/nbio/genome/parsers/geneid/GeneIDXMLReader.java,94,"			FastaWriterHelper.writeNucleotideSequence(new File(""/Users/Scooter/scripps/dyadic/geneid/geneid/c1_geneid.fna""), dnaSequenceHashMap.values());
"
DMI_HARDCODED_ABSOLUTE_FILENAME,/home/codegex/Documents/workspace/codegex/rbugs_experiments/top100repos/biojava/biojava-genome/src/main/java/org/biojava/nbio/genome/util/SplitFasta.java,65,"			splitFasta.processNucleotides(new File(""/Users/Scooter/scripps/dyadic/analysis/454Scaffolds/454Scaffolds.fna""), """", new File(""/Users/Scooter/scripps/dyadic/analysis/454Scaffolds/individual""));
"
DMI_HARDCODED_ABSOLUTE_FILENAME,/home/codegex/Documents/workspace/codegex/rbugs_experiments/top100repos/biojava/biojava-structure/src/main/java/demo/DemoMmtfWriter.java,37,"		MmtfActions.writeToFile(structure, Paths.get(""/tmp/4cup.mmtf""));
"
IIO_INEFFICIENT_INDEX_OF,/home/codegex/Documents/workspace/codegex/rbugs_experiments/top100repos/biojava/biojava-core/src/main/java/org/biojava/nbio/core/sequence/loader/UniprotProxySequenceReader.java,526,"				int lastIndex = sb.indexOf("">"", index);
"
IIO_INEFFICIENT_INDEX_OF,/home/codegex/Documents/workspace/codegex/rbugs_experiments/top100repos/biojava/biojava-core/src/main/java/org/biojava/nbio/core/sequence/loader/UniprotProxySequenceReader.java,656,"				int lastIndex = sb.indexOf("">"", index);
"
VA_FORMAT_STRING_USES_NEWLINE,/home/codegex/Documents/workspace/codegex/rbugs_experiments/top100repos/biojava/biojava-structure/src/main/java/org/biojava/nbio/structure/align/ce/CeCPMain.java,155,"			System.out.format(""Duplicating ca2 took %s ms\n"",System.currentTimeMillis()-startTime);
"
VA_FORMAT_STRING_USES_NEWLINE,/home/codegex/Documents/workspace/codegex/rbugs_experiments/top100repos/biojava/biojava-structure/src/main/java/org/biojava/nbio/structure/align/ce/CeCPMain.java,168,"			System.out.format(""Running %dx2*%d alignment took %s ms\n"",ca1.length,ca2.length,System.currentTimeMillis()-startTime);
"
VA_FORMAT_STRING_USES_NEWLINE,/home/codegex/Documents/workspace/codegex/rbugs_experiments/top100repos/biojava/biojava-structure/src/main/java/org/biojava/nbio/structure/align/ce/CeCPMain.java,174,"			System.out.format(""Finding CP point took %s ms\n"",System.currentTimeMillis()-startTime);
"
VA_FORMAT_STRING_USES_NEWLINE,/home/codegex/Documents/workspace/codegex/rbugs_experiments/top100repos/biojava/biojava-structure/src/main/java/org/biojava/nbio/structure/align/ce/CeCPMain.java,379,"						System.out.format(""Discarding n-terminal block as too "" +
								""short (%d residues, needs %d)\n"",
								minCP.mid, minCPlength);
"
VA_FORMAT_STRING_USES_NEWLINE,/home/codegex/Documents/workspace/codegex/rbugs_experiments/top100repos/biojava/biojava-structure/src/main/java/org/biojava/nbio/structure/align/ce/CeCPMain.java,389,"						System.out.format(""Discarding c-terminal block as too "" +
								""short (%d residues, needs %d)\n"",
								optLen[0] - minCP.mid, minCPlength);
"
VA_FORMAT_STRING_USES_NEWLINE,/home/codegex/Documents/workspace/codegex/rbugs_experiments/top100repos/biojava/biojava-structure/src/main/java/org/biojava/nbio/structure/align/ce/CeCPMain.java,747,"			System.out.format(""Found a CP at residue %d. Trimming %d aligned residues from %d-%d of block 0 and %d-%d of block 1.\n"",
					firstRes,cp.numResiduesCut,nStart,firstRes-1,firstRes, cEnd-ca2len);
"
DM_NUMBER_CTOR,/home/codegex/Documents/workspace/codegex/rbugs_experiments/top100repos/biojava/biojava-structure/src/main/java/org/biojava/nbio/structure/align/xml/MultipleAlignmentXMLParser.java,205,"						alignRes.get(str-1).add(new Integer(residue));
"
DM_NUMBER_CTOR,/home/codegex/Documents/workspace/codegex/rbugs_experiments/top100repos/biojava/biojava-structure/src/main/java/org/biojava/nbio/structure/align/xml/MultipleAlignmentXMLParser.java,267,"			ensemble.setIoTime(new Long(ioTime));
"
DM_NUMBER_CTOR,/home/codegex/Documents/workspace/codegex/rbugs_experiments/top100repos/biojava/biojava-structure/src/main/java/org/biojava/nbio/structure/align/xml/MultipleAlignmentXMLParser.java,272,"			ensemble.setCalculationTime(new Long(time));
"
DM_FP_NUMBER_CTOR,/home/codegex/Documents/workspace/codegex/rbugs_experiments/top100repos/biojava/biojava-structure/src/main/java/org/biojava/nbio/structure/align/xml/MultipleAlignmentXMLParser.java,228,"				m.setElement(x, y, new Double(value));
"
DM_FP_NUMBER_CTOR,/home/codegex/Documents/workspace/codegex/rbugs_experiments/top100repos/biojava/biojava-structure/src/main/java/org/biojava/nbio/structure/align/xml/MultipleAlignmentXMLParser.java,244,"				Double value = new Double(score.getTextContent());
"
VA_FORMAT_STRING_USES_NEWLINE,/home/codegex/Documents/workspace/codegex/rbugs_experiments/top100repos/biojava/biojava-structure/src/main/java/demo/DemoContacts.java,63,"			System.out.printf("" %3s-%3s %3s-%3s : %5.2f\n"",
					atom1.getGroup().getResidueNumber(),
					atom1.getGroup().getPDBName(),
					atom2.getGroup().getResidueNumber(),
					atom2.getGroup().getPDBName(),
					contact.getDistance());
"
VA_FORMAT_STRING_USES_NEWLINE,/home/codegex/Documents/workspace/codegex/rbugs_experiments/top100repos/biojava/biojava-structure/src/main/java/demo/DemoContacts.java,96,"			System.out.printf("" %3s:%1s-%3s-%3s || %3s:%1s-%3s-%3s : %5.2f\n"",
					atom1.getGroup().getResidueNumber(),
					atom1.getGroup().getChainId(),
					atom1.getGroup().getPDBName(),
					atom1.getName(),
					atom2.getGroup().getResidueNumber(),
					atom2.getGroup().getChainId(),
					atom2.getGroup().getPDBName(),
					atom2.getName(),
					contact.getDistance());
"
DM_STRING_CTOR,/home/codegex/Documents/workspace/codegex/rbugs_experiments/top100repos/biojava/biojava-genome/src/main/java/org/biojava/nbio/genome/parsers/gff/Location.java,846,"		return new String( ""[L="" + (mEnd - mStart) + ""; S="" + mStart + ""; E="" + mEnd +""]"" );
"
VA_FORMAT_STRING_USES_NEWLINE,/home/codegex/Documents/workspace/codegex/rbugs_experiments/top100repos/biojava/biojava-structure/src/main/java/org/biojava/nbio/structure/align/fatcat/calc/StructureAlignmentOptimizer.java,322,"				System.out.println(String.format(""   optimize converged at %d iterations\n"", i));
"
VA_FORMAT_STRING_USES_NEWLINE,/home/codegex/Documents/workspace/codegex/rbugs_experiments/top100repos/biojava/biojava-structure/src/main/java/demo/DemoAsa.java,72,"			System.out.printf(""%1s\t%5s\t%3s\t%6.2f\n"",
					groupAsa.getGroup().getChainId(),
					groupAsa.getGroup().getResidueNumber(),
					groupAsa.getGroup().getPDBName(),
					groupAsa.getAsaU());
"
VA_FORMAT_STRING_USES_NEWLINE,/home/codegex/Documents/workspace/codegex/rbugs_experiments/top100repos/biojava/biojava-structure/src/main/java/demo/DemoAsa.java,81,"		System.out.printf(""Total area: %9.2f\n"",tot);
"
VA_FORMAT_STRING_USES_NEWLINE,/home/codegex/Documents/workspace/codegex/rbugs_experiments/top100repos/biojava/biojava-structure/src/main/java/demo/DemoAsa.java,82,"		System.out.printf(""Time: %4.1fs\n"",((end-start)/1000.0));
"
VA_FORMAT_STRING_USES_NEWLINE,/home/codegex/Documents/workspace/codegex/rbugs_experiments/top100repos/biojava/biojava-structure/src/main/java/demo/DemoAsa.java,102,"			System.out.printf(nThreads+"" threads, time: %4.1fs -- x%2.1f\n"",runTimes[nThreads-1],runTimes[0]/runTimes[nThreads-1]);
"
VA_FORMAT_STRING_USES_NEWLINE,/home/codegex/Documents/workspace/codegex/rbugs_experiments/top100repos/biojava/biojava-structure/src/main/java/org/biojava/nbio/structure/align/multiple/util/MultipleAlignmentWriter.java,346,"		str.append(String
				.format(""REMARK Template name:%s:%s\n"", tPdbId, tChain));
"
IIO_INEFFICIENT_LAST_INDEX_OF,/home/codegex/Documents/workspace/codegex/rbugs_experiments/top100repos/biojava/biojava-core/src/main/java/org/biojava/nbio/core/sequence/io/GenericInsdcHeaderFormat.java,104,"		int index = location.substring(length).lastIndexOf("","");
"
IIO_INEFFICIENT_INDEX_OF,/home/codegex/Documents/workspace/codegex/rbugs_experiments/top100repos/biojava/biojava-core/src/main/java/org/biojava/nbio/core/util/XMLHelper.java,126,"		if (xpathExpression.indexOf(""/"") == -1) {
"
IIO_INEFFICIENT_INDEX_OF,/home/codegex/Documents/workspace/codegex/rbugs_experiments/top100repos/biojava/biojava-core/src/main/java/org/biojava/nbio/core/util/XMLHelper.java,152,"		if (xpathExpression.indexOf(""/"") == -1) {
"
DMI_RANDOM_USED_ONLY_ONCE,/home/codegex/Documents/workspace/codegex/rbugs_experiments/top100repos/biojava/biojava-structure/src/main/java/org/biojava/nbio/structure/align/multiple/mc/MultipleMcParameters.java,151,"		randomSeed = new Random().nextInt(10000);
"
CNT_ROUGH_CONSTANT_VALUE,/home/codegex/Documents/workspace/codegex/rbugs_experiments/top100repos/biojava/biojava-protein-disorder/src/main/java/org/biojava/nbio/ronn/ORonnModel.java,101,"		fOrder = (float) (Math.exp(-0.5 * Math.pow(est - thold.mu0, 2.0)
			/ thold.sigma0) / (Math.sqrt(6.28) * thold.sigma0));
"
CNT_ROUGH_CONSTANT_VALUE,/home/codegex/Documents/workspace/codegex/rbugs_experiments/top100repos/biojava/biojava-protein-disorder/src/main/java/org/biojava/nbio/ronn/ORonnModel.java,104,"		fDisor = (float) (Math.exp(-0.5 * Math.pow(est - thold.mu1, 2.0)
			/ thold.sigma1) / (Math.sqrt(6.28) * thold.sigma1));
"
VA_FORMAT_STRING_USES_NEWLINE,/home/codegex/Documents/workspace/codegex/rbugs_experiments/top100repos/biojava/biojava-protein-disorder/src/main/java/org/biojava/nbio/ronn/ORonnModel.java,136,"		output.printf(""%c\t%f\n"", query[i], scores[i]);
"
VA_FORMAT_STRING_USES_NEWLINE,/home/codegex/Documents/workspace/codegex/rbugs_experiments/top100repos/biojava/biojava-structure/src/main/java/org/biojava/nbio/structure/align/ce/CeCalculatorEnhanced.java,2041,"			String msg = String.format(""size=0 time=%d comb=%d\n"", (int)(time_q), nTraces);
"
DM_BOXED_PRIMITIVE_FOR_PARSING,/home/codegex/Documents/workspace/codegex/rbugs_experiments/top100repos/biojava/biojava-core/src/main/java/org/biojava/nbio/core/sequence/location/InsdcParser.java,214,"				int start = Integer.valueOf(m.group(3));
"
DMI_RANDOM_USED_ONLY_ONCE,/home/codegex/Documents/workspace/codegex/rbugs_experiments/top100repos/biojava/biojava-structure/src/main/java/org/biojava/nbio/structure/symmetry/internal/CESymmParameters.java,134,"		rndSeed = new Random().nextInt(10000);
"
VA_FORMAT_STRING_USES_NEWLINE,/home/codegex/Documents/workspace/codegex/rbugs_experiments/top100repos/biojava/biojava-structure/src/main/java/org/biojava/nbio/structure/align/util/AlignmentTools.java,1162,"				out.write(String.format(""%s\t%s\t%s\n"",node1, alignmentInteraction, node2));
"
VA_FORMAT_STRING_USES_NEWLINE,/home/codegex/Documents/workspace/codegex/rbugs_experiments/top100repos/biojava/biojava-structure/src/main/java/org/biojava/nbio/structure/align/util/AlignmentTools.java,1172,"			out.write(String.format(""%s\t%s\t%s\n"",last, backboneInteraction, curr));
"
VA_FORMAT_STRING_USES_NEWLINE,/home/codegex/Documents/workspace/codegex/rbugs_experiments/top100repos/biojava/biojava-structure/src/main/java/org/biojava/nbio/structure/align/util/AlignmentTools.java,1188,"				out.write(String.format(""%s\t%s\t%s\n"",last, backboneInteraction, curr));
"
DM_BOXED_PRIMITIVE_FOR_PARSING,/home/codegex/Documents/workspace/codegex/rbugs_experiments/top100repos/biojava/biojava-core/src/main/java/org/biojava/nbio/core/sequence/io/GenbankSequenceParser.java,309,"			long sequenceLength = Long.valueOf(m.group(2));
"
CNT_ROUGH_CONSTANT_VALUE,/home/codegex/Documents/workspace/codegex/rbugs_experiments/top100repos/biojava/biojava-structure/src/main/java/org/biojava/nbio/structure/Element.java,59,"	T(1, 1, 90, 1.10f, 0.32f, 1, 1, 1, 1, 1, 1.008f, 0, 1, new int[] {0,1}, 2.20f, ElementType.OTHER_NONMETAL), 	He(2, 1, 40, 2.20f, 1.60f, 2, 0, 12, 0, 0, 4.003f, 2, 0, new int[] {0}, 0.0f, ElementType.NOBLE_GAS), 	Li(3, 2, 50, 1.22f, 1.34f, 1, 0, 12, 0, 1, 6.940f, 2, 1, new int[] {0,1}, 0.98f, ElementType.ALKALI_METAL),
	Be(4, 2, 12, 0.63f, 0.90f, 2, 0, 12, 2, 2, 9.012f, 2, 2, new int[] {0,1,2}, 1.57f, ElementType.TRANSITION_METAL),
	B(5, 2, 10, 1.55f, 0.82f, 3, 3, 5, 3, 4, 10.810f, 2, 3, new int[] {0,1,2,3}, 2.04f, ElementType.METALLOID),
	F(9, 2, 32, 1.30f, 0.72f, 7, 0, 1, 1, 1, 18.998f, 2, -1, new int[] {-1,0,1}, 3.98f, ElementType.HALOGEN),
	Ne(10, 2, 61, 2.02f, 1.12f, 8, 0, 12, 0, 0, 20.170f, 10, 0, new int[] {}, 0.00f, ElementType.NOBLE_GAS), 	Na(11, 3, 58, 2.20f, 1.54f, 1, 0, 1, 0, 0, 22.990f, 10, 1, new int[] {-1,0,1}, 0.93f, ElementType.ALKALI_METAL),
	Mg(12, 3, 54, 1.50f, 1.30f, 2, 0, 2, 0, 2, 24.305f, 10, 2, new int[] {0,1,2}, 1.31f, ElementType.ALKALINE_EARTH_METAL),
	Al(13, 3, 4, 1.50f, 1.18f, 3, 0, 5, 0, 4, 26.982f, 10, 3, new int[] {0,1,2,3}, 1.61f, ElementType.POST_TRANSITION_METAL),
	Si(14, 3, 86, 2.20f, 1.11f, 4, 4, 4, 4, 4, 28.086f, 10, 4, new int[] {-4,-3,-2,-1,0,1,2,3,4}, 1.90f, ElementType.METALLOID),
	P(15, 3, 67, 1.88f, 1.06f, 5, 3, 5, 3, 5, 30.974f, 10, 5, new int[] {-3,-2,-1,0,1,2,3,4,5}, 2.19f, ElementType.OTHER_NONMETAL),
	S(16, 3, 82, 1.81f, 1.02f, 6, 2, 6, 2, 6, 32.060f, 10, -2, new int[] {-2,-1,0,1,2,3,4,5,6}, 2.58f, ElementType.OTHER_NONMETAL),
	Cl(17, 3, 21, 1.75f, 0.99f, 7, 0, 1, 1, 1, 35.453f, 10, -1, new int[] {-1,0,1,2,3,4,5,6,7}, 3.16f, ElementType.HALOGEN),
	Ar(18, 4, 6, 2.77f, 1.54f, 8, 0, 12, 0, 0, 39.948f, 18, 0, new int[] {0}, 0.00f, ElementType.NOBLE_GAS), 	K(19, 4, 47, 2.39f, 1.96f, 1, 0, 12, 0, 0, 39.102f, 18, 1, new int[] {-1,0,1}, 0.82f, ElementType.ALKALI_METAL),
	Ca(20, 4, 17, 1.95f, 1.74f, 2, 0, 2, 0, 0, 40.080f, 18, 2, new int[] {0,1,2}, 1.00f, ElementType.ALKALINE_EARTH_METAL),
	Sc(21, 4, 84, 1.32f, 1.44f, 3, 0, 12, 3, 0, 44.956f, 18, 3, new int[] {0,1,2,3}, 1.36f, ElementType.TRANSITION_METAL),
	Ti(22, 4, 96, 1.95f, 1.36f, 4, 2, 4, 3, 4, 47.880f, 18, 4, new int[] {-1,0,1,2,3,4}, 1.54f, ElementType.TRANSITION_METAL),
	V(23, 4, 100, 1.06f, 1.25f, 5, 0, 12, 3, 0, 50.040f, 18, 5, new int[] {-1,0,1,2,3,4,5}, 1.63f, ElementType.TRANSITION_METAL),
	Cr(24, 4, 24, 1.13f, 1.27f, 6, 0, 12, 2, 0, 51.996f, 18, 3, new int[] {-2,-1,0,1,2,3,4,5,6}, 1.66f, ElementType.TRANSITION_METAL),
	Mn(25, 4, 55, 1.19f, 1.39f, 7, 0, 12, 0, 0, 54.938f, 18, 2, new int[] {-3,-2,-1,0,1,2,3,4,5,6,7}, 1.55f, ElementType.TRANSITION_METAL),
	Fe(26, 4, 33, 1.95f, 1.25f, 3, 0, 8, 0, 0, 55.847f, 18, 3, new int[] {-2,-1,0,1,2,3,4,5,6}, 1.83f, ElementType.TRANSITION_METAL),
	Co(27, 4, 23, 1.13f, 1.26f, 3, 0, 12, 0, 0, 58.933f, 18, 2, new int[] {-1,0,1,2,3,4,5}, 1.88f, ElementType.TRANSITION_METAL),
	Ni(28, 4, 62, 1.24f, 1.21f, 3, 0, 12, 0, 0, 58.710f, 18, 2, new int[] {-1,0,1,2,3,4}, 1.91f, ElementType.TRANSITION_METAL),
	Cu(29, 4, 26, 1.15f, 1.38f, 2, 0, 4, 0, 0, 63.546f, 18, 2, new int[] {0,1,2,3,4}, 1.90f, ElementType.TRANSITION_METAL),
	Zn(30, 4, 106, 1.15f, 1.31f, 2, 0, 2, 0, 0, 65.380f, 18, 2, new int[] {0,1,2}, 1.65f, ElementType.TRANSITION_METAL),
	Ga(31, 4, 36, 1.55f, 1.26f, 3, 1, 4, 2, 4, 69.720f, 28, 3, new int[] {0,1,2,3}, 1.81f, ElementType.POST_TRANSITION_METAL),
	Ge(32, 4, 38, 2.72f, 1.22f, 4, 0, 12, 4, 4, 72.590f, 28, 4, new int[] {-4,-3,-2,-1,0,1,2,3,4}, 2.01f, ElementType.METALLOID),
	As(33, 4, 7, 0.83f, 1.19f, 5, 0, 12, 3, 5, 74.922f, 28, -3, new int[] {-3,0,1,2,3,5}, 2.18f, ElementType.METALLOID),
	Se(34, 4, 85, 0.90f, 1.16f, 6, 0, 12, 2, 6, 78.960f, 28, 4, new int[] {-2,0,1,2,4,6}, 2.55f, ElementType.OTHER_NONMETAL),
	Br(35, 4, 15, 1.95f, 1.14f, 7, 0, 1, 1, 1, 79.904f, 28, -1, new int[] {-1,0,1,2,3,4,5,7}, 2.96f, ElementType.HALOGEN),
	Kr(36, 4, 48, 1.90f, 1.60f, 8, 0, 12, 0, 0, 83.800f, 28, 0, new int[] {0,2}, 3.00f, ElementType.NOBLE_GAS),
	Rb(37, 5, 77, 2.65f, 2.11f, 1, 0, 12, 0, 0, 85.467f, 36, 1, new int[] {-1,0,1}, 0.82f, ElementType.ALKALI_METAL),
	Sr(38, 5, 89, 2.02f, 1.92f, 2, 0, 12, 2, 0, 87.620f, 36, 2, new int[] {0,1,2}, 0.95f, ElementType.ALKALINE_EARTH_METAL),
	Y(39, 5, 103, 1.61f, 1.62f, 3, 0, 12, 3, 0, 88.806f, 36, 3, new int[] {0,1,2,3}, 1.22f, ElementType.TRANSITION_METAL),
	Zr(40, 5, 105, 1.42f, 1.48f, 4, 0, 12, 4, 0, 91.220f, 36, 4, new int[] {0,1,2,3,4}, 1.33f, ElementType.TRANSITION_METAL),
	Nb(41, 5, 59, 1.33f, 1.37f, 5, 0, 12, 3, 0, 92.906f, 36, 5, new int[] {-1,0,1,2,3,4,5}, 1.60f, ElementType.TRANSITION_METAL),
	Mo(42, 5, 56, 1.75f, 1.45f, 6, 1, 6, 3, 0, 95.940f, 36, 6, new int[] {-2,-1,0,1,2,3,4,5,6}, 2.16f, ElementType.TRANSITION_METAL),
	Tc(43, 5, 93, 1.80f, 1.56f, 7, 0, 12, 6, 0, 98.910f, 36, 7, new int[] {-3,-1,0,1,2,3,4,5,6,7}, 1.90f, ElementType.TRANSITION_METAL),
	Ru(44, 5, 81, 1.20f, 1.26f, 8, 0, 12, 3, 0, 101.070f, 36, 4, new int[] {-2,0,1,2,3,4,5,6,7,8}, 2.20f, ElementType.TRANSITION_METAL),
	Rh(45, 5, 79, 1.22f, 1.35f, 4, 0, 12, 3, 0, 102.906f, 36, 3, new int[] {-1,0,1,2,3,4,5,6}, 2.28f, ElementType.TRANSITION_METAL),
	Pd(46, 5, 70, 1.44f, 1.31f, 4, 0, 12, 2, 0, 106.400f, 36, 2, new int[] {0,1,2,4}, 2.20f, ElementType.TRANSITION_METAL),
	Ag(47, 5, 3, 1.55f, 1.53f, 1, 0, 6, 0, 0, 107.868f, 36, 1, new int[] {0,1,2,3,4}, 1.93f, ElementType.TRANSITION_METAL),
	Cd(48, 5, 18, 1.75f, 1.48f, 2, 0, 12, 0, 0, 112.400f, 36, 2, new int[] {0,1,2}, 1.69f, ElementType.TRANSITION_METAL),
	In(49, 5, 45, 1.46f, 1.44f, 3, 0, 12, 3, 0, 114.820f, 46, 3, new int[] {0,1,2,3}, 1.78f, ElementType.POST_TRANSITION_METAL),
	Sn(50, 5, 88, 1.67f, 1.41f, 4, 0, 12, 2, 4, 118.690f, 46, 4, new int[] {-4,0,2,4}, 1.96f, ElementType.POST_TRANSITION_METAL),
	Sb(51, 5, 83, 1.12f, 1.38f, 5, 0, 12, 4, 5, 121.750f, 46, -3, new int[] {-3,0,3,5}, 2.05f, ElementType.METALLOID),
	Te(52, 5, 94, 1.26f, 1.35f, 6, 0, 12, 2, 6, 127.600f, 46, 4, new int[] {-2,0,2,4,5,6}, 2.10f, ElementType.METALLOID),
	I(53, 5, 44, 2.15f, 1.33f, 7, 1, 1, 1, 1, 126.905f, 46, -1, new int[] {-1,0,1,3,4,5,7}, 2.66f, ElementType.HALOGEN),
	Xe(54, 5, 102, 2.10f, 1.70f, 8, 0, 12, 0, 0, 131.300f, 46, 0, new int[] {0,1,2,4,6,8}, 2.60f, ElementType.NOBLE_GAS),
	Cs(55, 6, 25, 3.01f, 2.25f, 1, 0, 12, 0, 0, 132.905f, 54, 1, new int[] {-1,0,1}, 0.79f, ElementType.ALKALI_METAL),
	Ba(56, 6, 11, 2.41f, 1.98f, 2, 0, 12, 0, 0, 137.340f, 54, 2, new int[] {0,2}, 0.89f, ElementType.ALKALINE_EARTH_METAL),
	La(57, 6, 49, 1.83f, 1.95f, 3, 0, 12, 3, 0, 138.905f, 54, 3, new int[] {0,2,3}, 1.10f, ElementType.LANTHANOID),
	Ce(58, 6, 19, 1.86f, 1.03f, 4, 0, 12, 3, 0, 140.120f, 54, 3, new int[] {0,2,3,4}, 1.12f, ElementType.LANTHANOID),
	Pr(59, 6, 73, 1.62f, 0.90f, 4, 0, 12, 3, 0, 140.908f, 55, 3, new int[] {0,2,3,4}, 1.13f, ElementType.LANTHANOID),
	Nd(60, 6, 60, 1.79f, 0.99f, 3, 0, 12, 3, 0, 144.240f, 56, 3, new int[] {0,2,3,4}, 1.14f, ElementType.LANTHANOID),
	Pm(61, 6, 71, 1.76f, 0.98f, 3, 0, 12, 3, 0, 145.000f, 58, 3, new int[] {0,2,3}, 1.13f, ElementType.LANTHANOID),
	Sm(62, 6, 87, 1.74f, 0.96f, 3, 0, 12, 2, 0, 150.400f, 59, 3, new int[] {0,2,3}, 1.17f, ElementType.LANTHANOID),
	Eu(63, 6, 31, 1.96f, 1.09f, 3, 0, 12, 2, 0, 151.960f, 60, 3, new int[] {0,2,3}, 1.20f, ElementType.LANTHANOID),
	Gd(64, 6, 37, 1.69f, 0.94f, 3, 0, 12, 3, 0, 157.250f, 61, 3, new int[] {0,1,2,3}, 1.20f, ElementType.LANTHANOID),
	Tb(65, 6, 92, 1.66f, 0.92f, 4, 0, 12, 3, 0, 158.925f, 61, 3, new int[] {0,1,2,3,4}, 1.10f, ElementType.LANTHANOID),
	Dy(66, 6, 28, 1.63f, 0.91f, 3, 0, 12, 3, 0, 162.500f, 62, 3, new int[] {0,2,3,4}, 1.22f, ElementType.LANTHANOID),
	Ho(67, 6, 43, 1.61f, 0.89f, 3, 0, 12, 3, 0, 164.930f, 64, 3, new int[] {0,2,3}, 1.23f, ElementType.LANTHANOID),
	Er(68, 6, 29, 1.59f, 0.88f, 3, 0, 12, 3, 0, 167.260f, 65, 3, new int[] {0,2,3}, 1.24f, ElementType.LANTHANOID),
	Tm(69, 6, 98, 1.57f, 0.87f, 3, 0, 12, 3, 0, 168.934f, 66, 3, new int[] {0,2,3,4}, 1.25f, ElementType.LANTHANOID),
	Yb(70, 6, 104, 1.54f, 0.86f, 3, 0, 12, 2, 0, 173.040f, 67, 3, new int[] {0,2,3}, 1.10f, ElementType.LANTHANOID),
	Lu(71, 6, 52, 1.53f, 0.85f, 3, 0, 12, 3, 0, 174.970f, 68, 3, new int[] {0,3}, 1.27f, ElementType.LANTHANOID),
	Hf(72, 6, 41, 1.40f, 1.58f, 4, 0, 12, 4, 0, 178.490f, 68, 4, new int[] {0,2,3,4}, 1.30f, ElementType.TRANSITION_METAL),
	Ta(73, 6, 91, 1.22f, 1.38f, 5, 0, 12, 5, 0, 180.850f, 68, 5, new int[] {-1,0,2,3,4,5}, 1.50f, ElementType.TRANSITION_METAL),
	W(74, 6, 101, 1.26f, 1.46f, 6, 0, 12, 6, 0, 183.850f, 68, 6, new int[] {-2,-1,0,1,2,3,4,5,6}, 2.36f, ElementType.TRANSITION_METAL),
	Re(75, 6, 78, 1.30f, 1.59f, 7, 0, 12, 4, 0, 186.200f, 68, 7, new int[] {-3,-1,0,1,2,3,4,5,6,7}, 1.90f, ElementType.TRANSITION_METAL),
	Os(76, 6, 66, 1.58f, 1.28f, 8, 0, 12, 2, 0, 190.200f, 68, 4, new int[] {-2,-1,0,1,2,3,4,5,6,7,8}, 2.20f, ElementType.TRANSITION_METAL),
	Ir(77, 6, 46, 1.22f, 1.37f, 6, 0, 12, 3, 0, 192.220f, 68, 4, new int[] {-3,-1,0,1,2,3,4,5,6,8}, 2.20f, ElementType.TRANSITION_METAL),
	Pt(78, 6, 74, 1.55f, 1.28f, 4, 0, 6, 0, 0, 195.090f, 68, 4, new int[] {-2,-1,0,1,2,3,4,5,6}, 2.28f, ElementType.TRANSITION_METAL),
	Au(79, 6, 9, 1.45f, 1.44f, 3, 0, 6, 0, 0, 196.967f, 68, 3, new int[] {-1,0,1,2,3,5}, 2.54f, ElementType.TRANSITION_METAL),
	Hg(80, 6, 42, 1.55f, 1.32f, 2, 0, 12, 1, 2, 200.59f, 78, 1, new int[] {0,1,2,4}, 2.00f, ElementType.TRANSITION_METAL),
	Tl(81, 6, 97, 1.96f, 1.45f, 3, 0, 12, 1, 3, 204.3833f, 78, 1, new int[] {-1,0,1,3}, 1.62f, ElementType.POST_TRANSITION_METAL),
	Pb(82, 6, 69, 2.16f, 1.47f, 4, 0, 12, 2, 4, 207.200f, 78, 2, new int[] {-4,0,2,4}, 2.33f, ElementType.POST_TRANSITION_METAL),
	Bi(83, 6, 13, 1.73f, 1.46f, 5, 0, 12, 3, 3, 208.981f, 78, 3, new int[] {-3,0,1,3,5}, 2.20f, ElementType.POST_TRANSITION_METAL),
	Po(84, 6, 72, 1.21f, 0.67f, 6, 0, 12, 4, 2, 209.000f, 78, 4, new int[] {-2,0,2,4,5,6}, 2.0f, ElementType.METALLOID),
	At(85, 6, 8, 1.12f, 0.62f, 7, 0, 12, 1, 1, 210.000f, 78, -1, new int[] {-1,0,1,3,5,7}, 2.20f, ElementType.HALOGEN),
	Rn(86, 6, 80, 2.30f, 1.90f, 8, 0, 12, 0, 0, 222.000f, 78, 0, new int[] {0,2,6}, 0.0f, ElementType.NOBLE_GAS), 	Fr(87, 7, 35, 3.24f, 1.80f, 1, 0, 12, 0, 0, 223.000f, -1, 1, new int[] {0,1}, 0.70f, ElementType.ALKALI_METAL),
	Ra(88, 7, 76, 2.57f, 1.43f, 2, 0, 12, 2, 0, 226.000f, -1, 2, new int[] {0,2}, 0.9f, ElementType.ALKALINE_EARTH_METAL),
	Ac(89, 7, 2, 2.12f, 1.18f, 3, 0, 12, 4, 0, 227.000f, -1, 3, new int[] {0,2,3}, 1.1f, ElementType.ACTINOID),
	Th(90, 7, 95, 1.84f, 1.02f, 4, 0, 12, 1, 0, 232.038f, -1, 4, new int[] {0,2,3,4}, 1.30f, ElementType.ACTINOID),
	Pa(91, 7, 68, 1.60f, 0.89f, 5, 0, 12, 4, 0, 231.036f, -1, 5, new int[] {0,2,3,4,5}, 1.50f, ElementType.ACTINOID),
	U(92, 7, 99, 1.75f, 0.97f, 6, 0, 12, 4, 0, 238.029f, -1, 6, new int[] {0,2,3,4,5,6}, 1.38f, ElementType.ACTINOID),
	Np(93, 7, 64, 1.71f, 0.95f, 6, 0, 12, 4, 0, 237.048f, -1, 5, new int[] {0,3,4,5,6,7}, 1.36f, ElementType.ACTINOID),
	Pu(94, 7, 75, 1.67f, 0.93f, 6, 0, 12, 3, 0, 244.000f, -1, 4, new int[] {0,3,4,5,6,7,8}, 1.28f, ElementType.ACTINOID),
	Am(95, 7, 5, 1.66f, 0.92f, 6, 0, 12, 3, 0, 243.000f, -1, 3, new int[] {0,2,3,4,5,6,7}, 1.13f, ElementType.ACTINOID),
	Cm(96, 7, 22, 1.65f, 0.91f, 3, 0, 12, 3, 0, 248.000f, -1, 3, new int[] {0,3,4}, 1.28f, ElementType.ACTINOID),
	Bk(97, 7, 14, 1.64f, 0.90f, 4, 0, 12, 3, 0, 247.000f, -1, 3, new int[] {0,2,3,4}, 1.30f, ElementType.ACTINOID),
	Cf(98, 7, 20, 1.63f, 0.89f, 3, 0, 12, 4, 0, 251.000f, -1, 3, new int[] {0,2,3,4}, 1.30f, ElementType.ACTINOID),
	Es(99, 7, 30, 1.62f, 0.88f, -1, 0, 12, 4, 0, 254.000f, -1, 3, new int[] {0,2,3}, 1.30f, ElementType.ACTINOID),
	Fm(100, 7, 34, 1.61f, 0.87f, -1, 0, 12, 4, 0, 257.000f, -1, 3, new int[] {0,2,3}, 1.30f, ElementType.ACTINOID),
	Md(101, 7, 53, 1.60f, 0.86f, -1, 0, 12, 4, 0, 256.000f, -1, 3, new int[] {0,2,3}, 1.30f, ElementType.ACTINOID),
	No(102, 7, 63, 1.59f, 0.85f, -1, 0, 12, 4, 0, 254.000f, -1, 3, new int[] {0,2,3}, 1.30f, ElementType.ACTINOID),
	Lr(103, 7, 51, 1.58f, 0.84f, -1, 0, 12, 4, 0, 257.000f, -1, 3, new int[] {0,3}, 0.00f, ElementType.ACTINOID), "
NP_IMMEDIATE_DEREFERENCE_OF_READLINE,/home/codegex/Documents/workspace/codegex/rbugs_experiments/top100repos/biojava/biojava-protein-disorder/src/main/java/org/biojava/nbio/ronn/ModelLoader.java,172,"			line = bfr.readLine().trim();
"
NP_IMMEDIATE_DEREFERENCE_OF_READLINE,/home/codegex/Documents/workspace/codegex/rbugs_experiments/top100repos/biojava/biojava-protein-disorder/src/main/java/org/biojava/nbio/ronn/ModelLoader.java,186,"				line = bfr.readLine().trim();
"
IIO_INEFFICIENT_INDEX_OF,/home/codegex/Documents/workspace/codegex/rbugs_experiments/top100repos/biojava/biojava-structure/src/main/java/org/biojava/nbio/structure/cath/CathCategory.java,100,"		while ((idx = code.indexOf(""."",idx)) != -1) {
"
IIO_INEFFICIENT_LAST_INDEX_OF,/home/codegex/Documents/workspace/codegex/rbugs_experiments/top100repos/biojava/biojava-modfinder/src/main/java/org/biojava/nbio/phosphosite/Dataset.java,84,"		List<File> files =  Arrays.stream(rfiles).map(remoteFileName -> remoteFileName.substring(remoteFileName.lastIndexOf(""/"")))
																			.map(localFile -> new File(dir+""/""+localFile))
																			.filter(file -> file.exists())
																			.collect(Collectors.toList());
"
IIO_INEFFICIENT_LAST_INDEX_OF,/home/codegex/Documents/workspace/codegex/rbugs_experiments/top100repos/biojava/biojava-modfinder/src/main/java/org/biojava/nbio/phosphosite/Dataset.java,126,"				int slashIndex = f.lastIndexOf(""/"");
"
VA_FORMAT_STRING_USES_NEWLINE,/home/codegex/Documents/workspace/codegex/rbugs_experiments/top100repos/biojava/biojava-structure-gui/src/main/java/org/biojava/nbio/structure/gui/util/color/HSVColorSpace.java,47,"		System.out.format(""RED\tRGB[%f %f %f] HSV[%f %f %f]\n"",
				rgbComp[0], rgbComp[1], rgbComp[2],
				hsvComp[0], hsvComp[1], hsvComp[2] );
"
VA_FORMAT_STRING_USES_NEWLINE,/home/codegex/Documents/workspace/codegex/rbugs_experiments/top100repos/biojava/biojava-structure-gui/src/main/java/org/biojava/nbio/structure/gui/util/color/HSVColorSpace.java,55,"		System.out.format(""WHITE\tRGB[%f %f %f] HSV[%f %f %f]\n"",
				rgbComp[0], rgbComp[1], rgbComp[2],
				hsvComp[0], hsvComp[1], hsvComp[2] );
"
VA_FORMAT_STRING_USES_NEWLINE,/home/codegex/Documents/workspace/codegex/rbugs_experiments/top100repos/biojava/biojava-structure-gui/src/main/java/org/biojava/nbio/structure/gui/util/color/HSVColorSpace.java,62,"		System.out.format(""BLACK\tRGB[%f %f %f] HSV[%f %f %f]\n"",
				rgbComp[0], rgbComp[1], rgbComp[2],
				hsvComp[0], hsvComp[1], hsvComp[2] );
"
VA_FORMAT_STRING_USES_NEWLINE,/home/codegex/Documents/workspace/codegex/rbugs_experiments/top100repos/biojava/biojava-structure-gui/src/main/java/org/biojava/nbio/structure/gui/util/color/HSVColorSpace.java,69,"		System.out.format(""GRAY\tRGB[%f %f %f] HSV[%f %f %f]\n"",
				rgbComp[0], rgbComp[1], rgbComp[2],
				hsvComp[0], hsvComp[1], hsvComp[2] );
"
VA_FORMAT_STRING_USES_NEWLINE,/home/codegex/Documents/workspace/codegex/rbugs_experiments/top100repos/biojava/biojava-structure-gui/src/main/java/org/biojava/nbio/structure/gui/util/color/HSVColorSpace.java,76,"		System.out.format(""CYAN\tRGB[%f %f %f] HSV[%f %f %f]\n"",
				rgbComp[0], rgbComp[1], rgbComp[2],
				hsvComp[0], hsvComp[1], hsvComp[2] );
"
VA_FORMAT_STRING_USES_NEWLINE,/home/codegex/Documents/workspace/codegex/rbugs_experiments/top100repos/biojava/biojava-structure/src/main/java/demo/DemoSymmetry.java,78,"			System.out.printf(""Cluster %d (clustered by %s), RMSD = %4.2f\n"", i, suc.getClustererMethod(), ma.getScore(""RMSD""));
"
VA_FORMAT_STRING_USES_NEWLINE,/home/codegex/Documents/workspace/codegex/rbugs_experiments/top100repos/biojava/biojava-structure/src/main/java/demo/DemoSymmetry.java,102,"			System.out.printf(""Cluster %d (clustered by %s), RMSD = %4.2f\n"", i, suc.getClustererMethod(), ma.getScore(""RMSD""));
"
VA_FORMAT_STRING_USES_NEWLINE,/home/codegex/Documents/workspace/codegex/rbugs_experiments/top100repos/biojava/biojava-structure/src/main/java/org/biojava/nbio/structure/domain/pdp/CutDomain.java,88,"		if(verbose)
			System.out.println(String.format(""   C ... Cutting at position(s): %d %d %f\n"",site,val.site2,dom.score));
"
IIO_INEFFICIENT_INDEX_OF,/home/codegex/Documents/workspace/codegex/rbugs_experiments/top100repos/biojava/biojava-ontology/src/main/java/org/biojava/nbio/ontology/io/TabDelimParser.java,162,"					int c1 = termName.indexOf("","");
"
IIO_INEFFICIENT_INDEX_OF,/home/codegex/Documents/workspace/codegex/rbugs_experiments/top100repos/biojava/biojava-ontology/src/main/java/org/biojava/nbio/ontology/io/TabDelimParser.java,163,"					int c2 = termName.indexOf("","", c1 + 1);
"
DM_NUMBER_CTOR,/home/codegex/Documents/workspace/codegex/rbugs_experiments/top100repos/biojava/biojava-structure-gui/src/main/java/org/biojava/nbio/structure/align/gui/jmol/StructureAlignmentJmol.java,260,"		labelTable.put(new Integer(0),new JLabel(""0%""));
"
DM_NUMBER_CTOR,/home/codegex/Documents/workspace/codegex/rbugs_experiments/top100repos/biojava/biojava-structure-gui/src/main/java/org/biojava/nbio/structure/align/gui/jmol/StructureAlignmentJmol.java,261,"		labelTable.put(new Integer(100),new JLabel(""100%""));
"
DM_NUMBER_CTOR,/home/codegex/Documents/workspace/codegex/rbugs_experiments/top100repos/biojava/biojava-structure-gui/src/main/java/org/biojava/nbio/structure/align/gui/jmol/StructureAlignmentJmol.java,262,"		labelTable.put(new Integer(200),new JLabel(""200%""));
"
DM_NUMBER_CTOR,/home/codegex/Documents/workspace/codegex/rbugs_experiments/top100repos/biojava/biojava-structure-gui/src/main/java/org/biojava/nbio/structure/align/gui/jmol/StructureAlignmentJmol.java,263,"		labelTable.put(new Integer(300),new JLabel(""300%""));
"
DM_NUMBER_CTOR,/home/codegex/Documents/workspace/codegex/rbugs_experiments/top100repos/biojava/biojava-structure-gui/src/main/java/org/biojava/nbio/structure/align/gui/jmol/StructureAlignmentJmol.java,264,"		labelTable.put(new Integer(400),new JLabel(""400%""));
"
DM_NUMBER_CTOR,/home/codegex/Documents/workspace/codegex/rbugs_experiments/top100repos/biojava/biojava-structure-gui/src/main/java/org/biojava/nbio/structure/align/gui/jmol/StructureAlignmentJmol.java,265,"		labelTable.put(new Integer(500),new JLabel(""500%""));
"
DM_STRING_CTOR,/home/codegex/Documents/workspace/codegex/rbugs_experiments/top100repos/biojava/biojava-genome/src/main/java/org/biojava/nbio/genome/parsers/gff/GeneIDGFF2Reader.java,150,"			attributes = new String(s.substring(start));
"
DM_STRING_CTOR,/home/codegex/Documents/workspace/codegex/rbugs_experiments/top100repos/biojava/biojava-genome/src/main/java/org/biojava/nbio/genome/parsers/gff/GeneIDGFF2Reader.java,152,"			attributes = new String(s.substring(start, end));
"
DM_NUMBER_CTOR,/home/codegex/Documents/workspace/codegex/rbugs_experiments/top100repos/biojava/biojava-ontology/src/main/java/org/biojava/nbio/ontology/IntegerOntology.java,193,"		Integer i = new Integer(val);
"
DM_BOOLEAN_CTOR,/home/codegex/Documents/workspace/codegex/rbugs_experiments/top100repos/biojava/biojava-ontology/src/main/java/org/biojava/nbio/ontology/obo/OboFileHandler.java,158,"				anno.setProperty(IS_OBSOLETE, new Boolean(true));
"
DM_NUMBER_CTOR,/home/codegex/Documents/workspace/codegex/rbugs_experiments/top100repos/biojava/biojava-core/src/main/java/org/biojava/nbio/core/search/io/blast/BlastTabularParser.java,146,"						hspBuilder
							.setHspAlignLen(new Integer(alnLength))
							.setHspGaps(new Integer(gapOpenCount))
							.setHspQueryFrom(new Integer(queryStart))
							.setHspQueryTo(new Integer(queryEnd))
							.setHspHitFrom(new Integer(subjectStart))
							.setHspHitTo(new Integer(subjectEnd))
							.setHspEvalue(new Double(evalue))
							.setHspBitScore(new Double(bitScore))
							.setPercentageIdentity(new Double(percIdentity)/100)
							.setMismatchCount(new Integer(mismatchCount));
"
DM_FP_NUMBER_CTOR,/home/codegex/Documents/workspace/codegex/rbugs_experiments/top100repos/biojava/biojava-core/src/main/java/org/biojava/nbio/core/search/io/blast/BlastTabularParser.java,139,"						if (new Double(evalue) > maxEScore) {
"
DM_FP_NUMBER_CTOR,/home/codegex/Documents/workspace/codegex/rbugs_experiments/top100repos/biojava/biojava-core/src/main/java/org/biojava/nbio/core/search/io/blast/BlastTabularParser.java,152,"						hspBuilder
							.setHspAlignLen(new Integer(alnLength))
							.setHspGaps(new Integer(gapOpenCount))
							.setHspQueryFrom(new Integer(queryStart))
							.setHspQueryTo(new Integer(queryEnd))
							.setHspHitFrom(new Integer(subjectStart))
							.setHspHitTo(new Integer(subjectEnd))
							.setHspEvalue(new Double(evalue))
							.setHspBitScore(new Double(bitScore))
							.setPercentageIdentity(new Double(percIdentity)/100)
							.setMismatchCount(new Integer(mismatchCount));
"
VA_FORMAT_STRING_USES_NEWLINE,/home/codegex/Documents/workspace/codegex/rbugs_experiments/top100repos/biojava/biojava-structure/src/main/java/org/biojava/nbio/structure/domain/pdp/GetDistanceMatrix.java,42,"			System.err.println(String.format(""%d protein.len > MAXLEN %d\n"",protein.length,PDPParameters.MAXLEN));
"
VA_FORMAT_STRING_USES_NEWLINE,/home/codegex/Documents/workspace/codegex/rbugs_experiments/top100repos/biojava/biojava-structure/src/main/java/org/biojava/nbio/structure/align/ce/CECalculator.java,1950,"			String msg = String.format(""size=0 time=%d comb=%d\n"", (int)(time_q), nTraces);
"
DM_NUMBER_CTOR,/home/codegex/Documents/workspace/codegex/rbugs_experiments/top100repos/biojava/biojava-core/src/main/java/org/biojava/nbio/core/search/io/blast/BlastXMLParser.java,120,"				resultBuilder
					.setIterationNumber(new Integer(XMLHelper.selectSingleElement(element,""Iteration_iter-num"").getTextContent()))
					.setQueryID(XMLHelper.selectSingleElement(element,""Iteration_query-ID"").getTextContent())
					.setQueryDef(XMLHelper.selectSingleElement(element, ""Iteration_query-def"").getTextContent())
					.setQueryLength(new Integer(XMLHelper.selectSingleElement(element,""Iteration_query-len"").getTextContent()));
"
DM_NUMBER_CTOR,/home/codegex/Documents/workspace/codegex/rbugs_experiments/top100repos/biojava/biojava-core/src/main/java/org/biojava/nbio/core/search/io/blast/BlastXMLParser.java,138,"					blastHitBuilder
						.setHitNum(new Integer(XMLHelper.selectSingleElement(hitElement, ""Hit_num"").getTextContent()))
						.setHitId(XMLHelper.selectSingleElement(hitElement, ""Hit_id"").getTextContent())
						.setHitDef(XMLHelper.selectSingleElement(hitElement, ""Hit_def"").getTextContent())
						.setHitAccession(XMLHelper.selectSingleElement(hitElement, ""Hit_accession"").getTextContent())
						.setHitLen(new Integer(XMLHelper.selectSingleElement(hitElement, ""Hit_len"").getTextContent()));
"
DM_NUMBER_CTOR,/home/codegex/Documents/workspace/codegex/rbugs_experiments/top100repos/biojava/biojava-core/src/main/java/org/biojava/nbio/core/search/io/blast/BlastXMLParser.java,159,"							blastHspBuilder
								.setHspNum(new Integer(XMLHelper.selectSingleElement(hspElement, ""Hsp_num"").getTextContent()))
								.setHspBitScore(new Double(XMLHelper.selectSingleElement(hspElement, ""Hsp_bit-score"").getTextContent()))
								.setHspScore(new Integer(XMLHelper.selectSingleElement(hspElement, ""Hsp_score"").getTextContent()))
								.setHspEvalue(evalue)
								.setHspQueryFrom(new Integer(XMLHelper.selectSingleElement(hspElement, ""Hsp_query-from"").getTextContent()))
								.setHspQueryTo(new Integer(XMLHelper.selectSingleElement(hspElement, ""Hsp_query-to"").getTextContent()))
								.setHspHitFrom(new Integer(XMLHelper.selectSingleElement(hspElement, ""Hsp_hit-from"").getTextContent()))
								.setHspHitTo(new Integer(XMLHelper.selectSingleElement(hspElement, ""Hsp_hit-to"").getTextContent()))
								.setHspQueryFrame(new Integer(XMLHelper.selectSingleElement(hspElement, ""Hsp_query-frame"").getTextContent()))
								.setHspHitFrame(new Integer(XMLHelper.selectSingleElement(hspElement, ""Hsp_hit-frame"").getTextContent()))
								.setHspIdentity(new Integer(XMLHelper.selectSingleElement(hspElement, ""Hsp_identity"").getTextContent()))
								.setHspPositive(new Integer(XMLHelper.selectSingleElement(hspElement, ""Hsp_positive"").getTextContent()))
								.setHspGaps(new Integer(XMLHelper.selectSingleElement(hspElement, ""Hsp_gaps"").getTextContent()))
								.setHspAlignLen(new Integer(XMLHelper.selectSingleElement(hspElement, ""Hsp_align-len"").getTextContent()))
								.setHspQseq(XMLHelper.selectSingleElement(hspElement, ""Hsp_qseq"").getTextContent())
								.setHspHseq(XMLHelper.selectSingleElement(hspElement, ""Hsp_hseq"").getTextContent())
								.setHspIdentityString(XMLHelper.selectSingleElement(hspElement, ""Hsp_midline"").getTextContent());
"
DM_FP_NUMBER_CTOR,/home/codegex/Documents/workspace/codegex/rbugs_experiments/top100repos/biojava/biojava-core/src/main/java/org/biojava/nbio/core/search/io/blast/BlastXMLParser.java,153,"						Double evalue = new Double(XMLHelper.selectSingleElement(hspElement, ""Hsp_evalue"").getTextContent());
"
DM_FP_NUMBER_CTOR,/home/codegex/Documents/workspace/codegex/rbugs_experiments/top100repos/biojava/biojava-core/src/main/java/org/biojava/nbio/core/search/io/blast/BlastXMLParser.java,160,"							blastHspBuilder
								.setHspNum(new Integer(XMLHelper.selectSingleElement(hspElement, ""Hsp_num"").getTextContent()))
								.setHspBitScore(new Double(XMLHelper.selectSingleElement(hspElement, ""Hsp_bit-score"").getTextContent()))
								.setHspScore(new Integer(XMLHelper.selectSingleElement(hspElement, ""Hsp_score"").getTextContent()))
								.setHspEvalue(evalue)
								.setHspQueryFrom(new Integer(XMLHelper.selectSingleElement(hspElement, ""Hsp_query-from"").getTextContent()))
								.setHspQueryTo(new Integer(XMLHelper.selectSingleElement(hspElement, ""Hsp_query-to"").getTextContent()))
								.setHspHitFrom(new Integer(XMLHelper.selectSingleElement(hspElement, ""Hsp_hit-from"").getTextContent()))
								.setHspHitTo(new Integer(XMLHelper.selectSingleElement(hspElement, ""Hsp_hit-to"").getTextContent()))
								.setHspQueryFrame(new Integer(XMLHelper.selectSingleElement(hspElement, ""Hsp_query-frame"").getTextContent()))
								.setHspHitFrame(new Integer(XMLHelper.selectSingleElement(hspElement, ""Hsp_hit-frame"").getTextContent()))
								.setHspIdentity(new Integer(XMLHelper.selectSingleElement(hspElement, ""Hsp_identity"").getTextContent()))
								.setHspPositive(new Integer(XMLHelper.selectSingleElement(hspElement, ""Hsp_positive"").getTextContent()))
								.setHspGaps(new Integer(XMLHelper.selectSingleElement(hspElement, ""Hsp_gaps"").getTextContent()))
								.setHspAlignLen(new Integer(XMLHelper.selectSingleElement(hspElement, ""Hsp_align-len"").getTextContent()))
								.setHspQseq(XMLHelper.selectSingleElement(hspElement, ""Hsp_qseq"").getTextContent())
								.setHspHseq(XMLHelper.selectSingleElement(hspElement, ""Hsp_hseq"").getTextContent())
								.setHspIdentityString(XMLHelper.selectSingleElement(hspElement, ""Hsp_midline"").getTextContent());
"
DM_FP_NUMBER_CTOR,/home/codegex/Documents/workspace/codegex/rbugs_experiments/top100repos/biojava/biojava-structure/src/main/java/org/biojava/nbio/structure/align/model/AFPChain.java,234,"		this.conn = new Double(o.conn);
"
DM_FP_NUMBER_CTOR,/home/codegex/Documents/workspace/codegex/rbugs_experiments/top100repos/biojava/biojava-structure/src/main/java/org/biojava/nbio/structure/align/model/AFPChain.java,235,"		this.dvar = new Double(o.dvar);
"
DM_FP_NUMBER_CTOR,/home/codegex/Documents/workspace/codegex/rbugs_experiments/top100repos/biojava/biojava-structure/src/main/java/org/biojava/nbio/structure/align/model/AFPChain.java,449,"		conn = new Double(0);
"
DM_FP_NUMBER_CTOR,/home/codegex/Documents/workspace/codegex/rbugs_experiments/top100repos/biojava/biojava-structure/src/main/java/org/biojava/nbio/structure/align/model/AFPChain.java,450,"		dvar = new Double(0);
"
DM_NUMBER_CTOR,/home/codegex/Documents/workspace/codegex/rbugs_experiments/top100repos/biojava/biojava-structure/src/main/java/org/biojava/nbio/structure/align/ClusterAltAligs.java,68,"			currentCluster.add( new Integer(i));
"
DM_NUMBER_CTOR,/home/codegex/Documents/workspace/codegex/rbugs_experiments/top100repos/biojava/biojava-structure/src/main/java/org/biojava/nbio/structure/align/ClusterAltAligs.java,97,"					currentCluster.add(new Integer(j));
"
DM_NUMBER_CTOR,/home/codegex/Documents/workspace/codegex/rbugs_experiments/top100repos/biojava/biojava-structure/src/main/java/org/biojava/nbio/structure/align/util/CliTools.java,156,"							propVal = new Integer(args[++i]);
"
DM_FP_NUMBER_CTOR,/home/codegex/Documents/workspace/codegex/rbugs_experiments/top100repos/biojava/biojava-structure/src/main/java/org/biojava/nbio/structure/align/util/CliTools.java,162,"							propVal = new Double(args[++i]);
"
DMI_HARDCODED_ABSOLUTE_FILENAME,/home/codegex/Documents/workspace/codegex/rbugs_experiments/top100repos/biojava/biojava-genome/src/main/java/org/biojava/nbio/genome/parsers/gff/GFF3Writer.java,144,"			FileOutputStream fo = new FileOutputStream(""/Users/Scooter/scripps/dyadic/geneid/geneid/c1-geneid.gff3"");"
DMI_HARDCODED_ABSOLUTE_FILENAME,/home/codegex/Documents/workspace/codegex/rbugs_experiments/top100repos/biojava/biojava-genome/src/main/java/org/biojava/nbio/genome/parsers/gff/GFF3Writer.java,145,"			LinkedHashMap<String, ChromosomeSequence> dnaSequenceList = GeneFeatureHelper.loadFastaAddGeneFeaturesFromGeneIDGFF2(new File(""/Users/Scooter/scripps/dyadic/analysis/454Scaffolds/454Scaffolds.fna""), new File(""/Users/Scooter/scripps/dyadic/geneid/geneid/c1_geneid.gff""));
"
IIO_INEFFICIENT_INDEX_OF,/home/codegex/Documents/workspace/codegex/rbugs_experiments/top100repos/biojava/biojava-structure/src/main/java/org/biojava/nbio/structure/cath/CathInstallation.java,454,"				int startStart = line.indexOf(""="",10) + 1;
"
IIO_INEFFICIENT_INDEX_OF,/home/codegex/Documents/workspace/codegex/rbugs_experiments/top100repos/biojava/biojava-structure/src/main/java/org/biojava/nbio/structure/cath/CathInstallation.java,455,"				int startStop = line.indexOf("" "",10);
"
IIO_INEFFICIENT_INDEX_OF,/home/codegex/Documents/workspace/codegex/rbugs_experiments/top100repos/biojava/biojava-structure/src/main/java/org/biojava/nbio/structure/cath/CathInstallation.java,456,"				int stopStart = line.indexOf(""="",startStop) + 1;
"
IIO_INEFFICIENT_LAST_INDEX_OF,/home/codegex/Documents/workspace/codegex/rbugs_experiments/top100repos/biojava/biojava-structure/src/main/java/org/biojava/nbio/structure/cath/CathInstallation.java,528,"		int idx = token[0].lastIndexOf(""."");
"
IIO_INEFFICIENT_LAST_INDEX_OF,/home/codegex/Documents/workspace/codegex/rbugs_experiments/top100repos/biojava/biojava-core/src/main/java/org/biojava/nbio/core/search/io/SearchIO.java,152,"		int extensionPos = filename.lastIndexOf(""."");
"
DMI_HARDCODED_ABSOLUTE_FILENAME,/home/codegex/Documents/workspace/codegex/rbugs_experiments/top100repos/biojava/biojava-genome/src/main/java/org/biojava/nbio/genome/homology/GFF3FromUniprotBlastHits.java,295,"				LinkedHashMap<String, ChromosomeSequence> dnaSequenceHashMap = GeneFeatureHelper.loadFastaAddGeneFeaturesFromGlimmerGFF3(new File(""/Users/Scooter/scripps/dyadic/analysis/454Scaffolds/454Scaffolds-16.fna""), new File(""/Users/Scooter/scripps/dyadic/GlimmerHMM/c1_glimmerhmm-16.gff""));
"
DMI_HARDCODED_ABSOLUTE_FILENAME,/home/codegex/Documents/workspace/codegex/rbugs_experiments/top100repos/biojava/biojava-genome/src/main/java/org/biojava/nbio/genome/homology/GFF3FromUniprotBlastHits.java,297,"				FileOutputStream fo = new FileOutputStream(""/Users/Scooter/scripps/dyadic/outputGlimmer/genemark_uniprot_match-16.gff3"");
"
DMI_HARDCODED_ABSOLUTE_FILENAME,/home/codegex/Documents/workspace/codegex/rbugs_experiments/top100repos/biojava/biojava-genome/src/main/java/org/biojava/nbio/genome/homology/GFF3FromUniprotBlastHits.java,298,"				LinkedHashMap<String, ArrayList<String>> blasthits = BlastHomologyHits.getMatches(new File(""/Users/Scooter/scripps/dyadic/blastresults/c1_glimmer_in_uniprot.xml""), 1E-10);
"
DM_NUMBER_CTOR,/home/codegex/Documents/workspace/codegex/rbugs_experiments/top100repos/biojava/biojava-core/src/main/java/org/biojava/nbio/core/util/SingleLinkageClusterer.java,202,"		indicesToCheck.remove(new Integer(dendrogram[m-1].getFirst()));
"
VA_FORMAT_STRING_USES_NEWLINE,/home/codegex/Documents/workspace/codegex/rbugs_experiments/top100repos/biojava/biojava-structure/src/main/java/org/biojava/nbio/structure/align/ce/OptimalCECPMain.java,528,"			System.out.format(""%d alignments took %.4f s (%.1f ms avg)\n"",
					ca2.length, elapsedTime/1000., (double)elapsedTime/ca2.length);
"
VA_FORMAT_STRING_USES_NEWLINE,/home/codegex/Documents/workspace/codegex/rbugs_experiments/top100repos/biojava/biojava-structure/src/main/java/org/biojava/nbio/structure/align/ce/OptimalCECPMain.java,585,"			System.out.format(""Optimal Score: %.2f\n"", afpChain.getAlignScore());
"
VA_FORMAT_STRING_USES_NEWLINE,/home/codegex/Documents/workspace/codegex/rbugs_experiments/top100repos/biojava/biojava-structure/src/main/java/org/biojava/nbio/structure/align/ce/OptimalCECPMain.java,590,"				System.out.format(""%d\t%.2f\t%.2f\t%d\t%.2f\t%d\n"",
						i,
						alignments[i].getAlignScore(),
						tm,
						alignments[i].getOptLength(),
						alignments[i].getTotalRmsdOpt(),
						alignments[i].getBlockNum()
				);
"
IIO_INEFFICIENT_LAST_INDEX_OF,/home/codegex/Documents/workspace/codegex/rbugs_experiments/top100repos/biojava/biojava-core/src/main/java/org/biojava/nbio/core/util/FileDownloadUtils.java,86,"		int mid = fileName.lastIndexOf(""."");
"
IIO_INEFFICIENT_INDEX_OF,/home/codegex/Documents/workspace/codegex/rbugs_experiments/top100repos/biojava/biojava-core/src/main/java/org/biojava/nbio/core/util/FileDownloadUtils.java,95,"		int mid = fileName.indexOf(""."");
"
VA_FORMAT_STRING_USES_NEWLINE,/home/codegex/Documents/workspace/codegex/rbugs_experiments/top100repos/biojava/biojava-structure/src/main/java/org/biojava/nbio/structure/align/fatcat/calc/AFPPostProcessor.java,121,"			if(debug)
				System.out.println(String.format(""block %d original size %d rmsd %.3f maxt %.2f cut at %d\n"", bk, blockSize[bk], maxs, maxt, cut));
"
VA_FORMAT_STRING_USES_NEWLINE,/home/codegex/Documents/workspace/codegex/rbugs_experiments/top100repos/biojava/biojava-structure/src/main/java/org/biojava/nbio/structure/align/fatcat/calc/AFPPostProcessor.java,132,"			if(debug)
				System.out.println(String.format(""  split into %d and %d sizes\n"", blockSize[bk], blockSize[bk + 1]));
"
VA_FORMAT_STRING_USES_NEWLINE,/home/codegex/Documents/workspace/codegex/rbugs_experiments/top100repos/biojava/biojava-structure/src/main/java/org/biojava/nbio/structure/align/fatcat/calc/AFPPostProcessor.java,148,"			if(debug)
				System.out.println(String.format(""Split %d times:\n"", blockNum - blockNum0));
"
VA_FORMAT_STRING_USES_NEWLINE,/home/codegex/Documents/workspace/codegex/rbugs_experiments/top100repos/biojava/biojava-structure/src/main/java/org/biojava/nbio/structure/align/fatcat/calc/AFPPostProcessor.java,151,"				if(debug)
					System.out.println(String.format(""  block %d size %d from %d rmsd %.3f\n"", i, blockSize[i], block2Afp[i], blockRmsd[i]));
"
VA_FORMAT_STRING_USES_NEWLINE,/home/codegex/Documents/workspace/codegex/rbugs_experiments/top100repos/biojava/biojava-structure/src/main/java/org/biojava/nbio/structure/align/fatcat/calc/AFPPostProcessor.java,221,"		if(blockNumOld > blockNum)
			if(debug)
				System.out.println(
						String.format(""Delete %d small blocks\n"", blockNumOld - blockNum)
				);
"
VA_FORMAT_STRING_USES_NEWLINE,/home/codegex/Documents/workspace/codegex/rbugs_experiments/top100repos/biojava/biojava-structure/src/main/java/org/biojava/nbio/structure/align/fatcat/calc/AFPPostProcessor.java,279,"				if(debug)
					System.out.println(String.format(""merge block %d (rmsd %.3f) and %d (rmsd %.3f), total rmsd %.3f\n"",
							minb1, blockRmsd[minb1], minb2, blockRmsd[minb2], minrmsd));
"
VA_FORMAT_STRING_USES_NEWLINE,/home/codegex/Documents/workspace/codegex/rbugs_experiments/top100repos/biojava/biojava-structure/src/main/java/org/biojava/nbio/structure/align/fatcat/calc/AFPPostProcessor.java,314,"			if(debug)
				System.out.println(String.format(""Merge %d blocks, remaining %d blocks\n"", merge, blockNum));
"
IIO_INEFFICIENT_LAST_INDEX_OF,/home/codegex/Documents/workspace/codegex/rbugs_experiments/top100repos/biojava/biojava-structure/src/main/java/org/biojava/nbio/structure/URLIdentifier.java,120,"			pdbId = guessPDBID(path.substring(path.lastIndexOf(""/"") + 1));
"
IIO_INEFFICIENT_INDEX_OF,/home/codegex/Documents/workspace/codegex/rbugs_experiments/top100repos/biojava/biojava-structure/src/main/java/org/biojava/nbio/structure/URLIdentifier.java,201,"			int i = pair.indexOf(""="");
"
DM_STRING_CTOR,/home/codegex/Documents/workspace/codegex/rbugs_experiments/top100repos/biojava/biojava-genome/src/main/java/org/biojava/nbio/genome/parsers/gff/GeneMarkGTFReader.java,150,"			attributes = new String(s.substring(start));
"
DM_STRING_CTOR,/home/codegex/Documents/workspace/codegex/rbugs_experiments/top100repos/biojava/biojava-genome/src/main/java/org/biojava/nbio/genome/parsers/gff/GeneMarkGTFReader.java,152,"			attributes = new String(s.substring(start, end));
"
DM_NUMBER_CTOR,/home/codegex/Documents/workspace/codegex/rbugs_experiments/top100repos/biojava/biojava-ontology/src/main/java/org/biojava/nbio/ontology/obo/OboFileParser.java,70,"		escapeChars.put(new Character('n'), new Character('\n'));
"
DM_NUMBER_CTOR,/home/codegex/Documents/workspace/codegex/rbugs_experiments/top100repos/biojava/biojava-ontology/src/main/java/org/biojava/nbio/ontology/obo/OboFileParser.java,71,"		escapeChars.put(new Character('W'), new Character(' '));
"
DM_NUMBER_CTOR,/home/codegex/Documents/workspace/codegex/rbugs_experiments/top100repos/biojava/biojava-ontology/src/main/java/org/biojava/nbio/ontology/obo/OboFileParser.java,72,"		escapeChars.put(new Character('t'), new Character('\t'));
"
DM_NUMBER_CTOR,/home/codegex/Documents/workspace/codegex/rbugs_experiments/top100repos/biojava/biojava-ontology/src/main/java/org/biojava/nbio/ontology/obo/OboFileParser.java,73,"		escapeChars.put(new Character(':'), new Character(':'));
"
DM_NUMBER_CTOR,/home/codegex/Documents/workspace/codegex/rbugs_experiments/top100repos/biojava/biojava-ontology/src/main/java/org/biojava/nbio/ontology/obo/OboFileParser.java,74,"		escapeChars.put(new Character(','), new Character(','));
"
DM_NUMBER_CTOR,/home/codegex/Documents/workspace/codegex/rbugs_experiments/top100repos/biojava/biojava-ontology/src/main/java/org/biojava/nbio/ontology/obo/OboFileParser.java,75,"		escapeChars.put(new Character('""'), new Character('""'));
"
DM_NUMBER_CTOR,/home/codegex/Documents/workspace/codegex/rbugs_experiments/top100repos/biojava/biojava-ontology/src/main/java/org/biojava/nbio/ontology/obo/OboFileParser.java,76,"		escapeChars.put(new Character('\''), new Character('\''));
"
DM_NUMBER_CTOR,/home/codegex/Documents/workspace/codegex/rbugs_experiments/top100repos/biojava/biojava-ontology/src/main/java/org/biojava/nbio/ontology/obo/OboFileParser.java,77,"		escapeChars.put(new Character('\\'), new Character('\\'));
"
DM_NUMBER_CTOR,/home/codegex/Documents/workspace/codegex/rbugs_experiments/top100repos/biojava/biojava-ontology/src/main/java/org/biojava/nbio/ontology/obo/OboFileParser.java,78,"		escapeChars.put(new Character('{'), new Character('{'));
"
DM_NUMBER_CTOR,/home/codegex/Documents/workspace/codegex/rbugs_experiments/top100repos/biojava/biojava-ontology/src/main/java/org/biojava/nbio/ontology/obo/OboFileParser.java,79,"		escapeChars.put(new Character('}'), new Character('}'));
"
DM_NUMBER_CTOR,/home/codegex/Documents/workspace/codegex/rbugs_experiments/top100repos/biojava/biojava-ontology/src/main/java/org/biojava/nbio/ontology/obo/OboFileParser.java,80,"		escapeChars.put(new Character('('), new Character('('));
"
DM_NUMBER_CTOR,/home/codegex/Documents/workspace/codegex/rbugs_experiments/top100repos/biojava/biojava-ontology/src/main/java/org/biojava/nbio/ontology/obo/OboFileParser.java,81,"		escapeChars.put(new Character(')'), new Character(')'));
"
DM_NUMBER_CTOR,/home/codegex/Documents/workspace/codegex/rbugs_experiments/top100repos/biojava/biojava-ontology/src/main/java/org/biojava/nbio/ontology/obo/OboFileParser.java,82,"		escapeChars.put(new Character('['), new Character('['));
"
DM_NUMBER_CTOR,/home/codegex/Documents/workspace/codegex/rbugs_experiments/top100repos/biojava/biojava-ontology/src/main/java/org/biojava/nbio/ontology/obo/OboFileParser.java,83,"		escapeChars.put(new Character(']'), new Character(']'));
"
DM_NUMBER_CTOR,/home/codegex/Documents/workspace/codegex/rbugs_experiments/top100repos/biojava/biojava-ontology/src/main/java/org/biojava/nbio/ontology/obo/OboFileParser.java,84,"		escapeChars.put(new Character('!'), new Character('!'));
"
DM_NUMBER_CTOR,/home/codegex/Documents/workspace/codegex/rbugs_experiments/top100repos/biojava/biojava-ontology/src/main/java/org/biojava/nbio/ontology/obo/OboFileParser.java,420,"			Object o = unescapeChars.get(new Character(c));
"
DM_NUMBER_CTOR,/home/codegex/Documents/workspace/codegex/rbugs_experiments/top100repos/biojava/biojava-ontology/src/main/java/org/biojava/nbio/ontology/obo/OboFileParser.java,452,"				Character mapchar = escapeChars
				.get(new Character(c));
"
DMI_HARDCODED_ABSOLUTE_FILENAME,/home/codegex/Documents/workspace/codegex/rbugs_experiments/top100repos/biojava/biojava-genome/src/main/java/org/biojava/nbio/genome/parsers/twobit/SimpleTwoBitFileProvider.java,84,"			downloadIfNoTwoBitFileExists(new File(""/Users/yana/spark/2bit/hg38.2bit""),""hg38"");
"
DM_NUMBER_CTOR,/home/codegex/Documents/workspace/codegex/rbugs_experiments/top100repos/biojava/biojava-structure/src/main/java/org/biojava/nbio/structure/io/PDBFileParser.java,1720,"		Character altLoc   = new Character(line.substring (16, 17).charAt(0));
"
DM_NUMBER_CTOR,/home/codegex/Documents/workspace/codegex/rbugs_experiments/top100repos/biojava/biojava-structure/src/main/java/org/biojava/nbio/structure/io/PDBFileParser.java,2013,"			b = new Integer(bond);
"
DM_NUMBER_CTOR,/home/codegex/Documents/workspace/codegex/rbugs_experiments/top100repos/biojava/biojava-structure/src/main/java/org/biojava/nbio/structure/io/PDBFileParser.java,2070,"			cons.put(""atomserial"",new Integer(atomserial));
"
NO_NOTIFY_NOT_NOTIFYALL,/home/codegex/Documents/workspace/codegex/rbugs_experiments/top100repos/biojava/biojava-structure-gui/src/main/java/org/biojava/nbio/structure/align/gui/MemoryMonitor.java,284,"			notify();
"
VA_FORMAT_STRING_USES_NEWLINE,/home/codegex/Documents/workspace/codegex/rbugs_experiments/top100repos/biojava/biojava-structure-gui/src/main/java/org/biojava/nbio/structure/align/gui/DotPlotPanel.java,244,"			System.out.format(""Aligning %s[%d] with %s[%d] with CPs\n"",name1,ca1.length,name2,ca2.length);
"
VA_FORMAT_STRING_USES_NEWLINE,/home/codegex/Documents/workspace/codegex/rbugs_experiments/top100repos/biojava/biojava-structure/src/main/java/demo/DemoCrystalInterfaces.java,150,"			System.out.printf(""Interface area: %8.2f\n"",interf.getTotalArea());
"
VA_FORMAT_STRING_USES_NEWLINE,/home/codegex/Documents/workspace/codegex/rbugs_experiments/top100repos/biojava/biojava-structure/src/main/java/org/biojava/nbio/structure/align/fatcat/calc/FatCatAligner.java,152,"			System.out.println(String.format(""total AFP %d\n"", afpNum));
"
VA_FORMAT_STRING_USES_NEWLINE,/home/codegex/Documents/workspace/codegex/rbugs_experiments/top100repos/biojava/biojava-structure/src/main/java/org/biojava/nbio/structure/align/fatcat/calc/AFPOptimizer.java,117,"				System.err.println(String.format(""optimize block %d (%d afp), region %d-%d(len %d), %d-%d(len %d)\n"",
						bk, blockSize[bk], b1, e1, e1-b1, b2, e2, e2-b2));
"
VA_FORMAT_STRING_USES_NEWLINE,/home/codegex/Documents/workspace/codegex/rbugs_experiments/top100repos/biojava/biojava-structure/src/main/java/org/biojava/nbio/structure/align/fatcat/calc/AFPOptimizer.java,132,"			if(debug)
				System.out.println(String.format("" optimized len=%d, rmsd %f\n"", optLen[bk], optRmsd[bk]));
"
VA_FORMAT_STRING_USES_NEWLINE,/home/codegex/Documents/workspace/codegex/rbugs_experiments/top100repos/biojava/biojava-structure/src/main/java/org/biojava/nbio/structure/align/fatcat/calc/FCAlignHelper.java,254,"			System.err.println(String.format(""warn: not a local-alignment result, first operation %d\n"", sapp[0]));
"
VA_FORMAT_STRING_USES_NEWLINE,/home/codegex/Documents/workspace/codegex/rbugs_experiments/top100repos/biojava/biojava-structure/src/main/java/org/biojava/nbio/structure/align/fatcat/calc/FCAlignHelper.java,258,"			System.err.println(String.format(""FCAlignHelper: warn: alignment scores are different %f(check) %f(align)\n"", sco, alignScore));
"
UI_INHERITANCE_UNSAFE_GETRESOURCE,/home/codegex/Documents/workspace/codegex/rbugs_experiments/top100repos/biojava/biojava-structure/src/main/java/org/biojava/nbio/structure/chem/ReducedChemCompProvider.java,32,"        try (InputStream inStream = this.getClass().getResourceAsStream(""/chemcomp/"" + name + "".cif.gz"")) {
"
IIO_INEFFICIENT_INDEX_OF,/home/codegex/Documents/workspace/codegex/rbugs_experiments/top100repos/biojava/biojava-genome/src/main/java/org/biojava/nbio/genome/parsers/gff/Feature.java,208,"		   int equalindex = attribute.indexOf(""="");
"
DMI_USELESS_SUBSTRING,/home/codegex/Documents/workspace/codegex/rbugs_experiments/top100repos/biojava/biojava-ontology/src/main/java/org/biojava/nbio/ontology/utils/AbstractAnnotation.java,150,"		return sb.substring(0);
"
DM_NUMBER_CTOR,/home/codegex/Documents/workspace/codegex/rbugs_experiments/top100repos/biojava/biojava-structure/src/main/java/org/biojava/nbio/structure/io/EntityFinder.java,137,"					return new Integer(o1.getMolId()).compareTo(o2.getMolId());
"
DM_BOOLEAN_CTOR,/home/codegex/Documents/workspace/codegex/rbugs_experiments/top100repos/biojava/biojava-structure/src/main/java/org/biojava/nbio/structure/align/StrucAligParameters.java,133,"		Object[] params = new Object[]{new Integer(initialK) ,new Integer(seedFragmentLength),
				new Float(seedRmsdCutoff),
				new Integer(fragmentLength),
				new Integer(diagonalDistance), new Integer(diagonalDistance2), new Float(fragmentMiniDistance),
				new Integer(angleDiff),
				new Float(fragCompat), new Integer(maxrefine),
				new Boolean(reduceInitialFragments), new Double(joinRMSCutoff), new Boolean(joinPlo),
				new Boolean(doAngleCheck), new Boolean(doDistanceCheck), new Boolean(doRMSCheck),
				new Boolean(doDensityCheck), new Float(densityCutoff), new Float(create_co), new Integer(maxIter),
				new Float(gapOpen), new Float(gapExtension), new Integer(permutationSize), new Float(evalCutoff)};
"
DM_NUMBER_CTOR,/home/codegex/Documents/workspace/codegex/rbugs_experiments/top100repos/biojava/biojava-structure/src/main/java/org/biojava/nbio/structure/align/StrucAligParameters.java,127,"		Object[] params = new Object[]{new Integer(initialK) ,new Integer(seedFragmentLength),
				new Float(seedRmsdCutoff),
				new Integer(fragmentLength),
				new Integer(diagonalDistance), new Integer(diagonalDistance2), new Float(fragmentMiniDistance),
				new Integer(angleDiff),
				new Float(fragCompat), new Integer(maxrefine),
				new Boolean(reduceInitialFragments), new Double(joinRMSCutoff), new Boolean(joinPlo),
				new Boolean(doAngleCheck), new Boolean(doDistanceCheck), new Boolean(doRMSCheck),
				new Boolean(doDensityCheck), new Float(densityCutoff), new Float(create_co), new Integer(maxIter),
				new Float(gapOpen), new Float(gapExtension), new Integer(permutationSize), new Float(evalCutoff)};
"
DM_FP_NUMBER_CTOR,/home/codegex/Documents/workspace/codegex/rbugs_experiments/top100repos/biojava/biojava-structure/src/main/java/org/biojava/nbio/structure/align/StrucAligParameters.java,128,"		Object[] params = new Object[]{new Integer(initialK) ,new Integer(seedFragmentLength),
				new Float(seedRmsdCutoff),
				new Integer(fragmentLength),
				new Integer(diagonalDistance), new Integer(diagonalDistance2), new Float(fragmentMiniDistance),
				new Integer(angleDiff),
				new Float(fragCompat), new Integer(maxrefine),
				new Boolean(reduceInitialFragments), new Double(joinRMSCutoff), new Boolean(joinPlo),
				new Boolean(doAngleCheck), new Boolean(doDistanceCheck), new Boolean(doRMSCheck),
				new Boolean(doDensityCheck), new Float(densityCutoff), new Float(create_co), new Integer(maxIter),
				new Float(gapOpen), new Float(gapExtension), new Integer(permutationSize), new Float(evalCutoff)};
"
VA_FORMAT_STRING_USES_NEWLINE,/home/codegex/Documents/workspace/codegex/rbugs_experiments/top100repos/biojava/biojava-structure/src/main/java/org/biojava/nbio/structure/align/fatcat/calc/AFPChainer.java,154,"		if(debug)
			System.out.println(String.format(""maximum score %f, %d\n"", maxsco, twi[currafp]));
"
VA_FORMAT_STRING_USES_NEWLINE,/home/codegex/Documents/workspace/codegex/rbugs_experiments/top100repos/biojava/biojava-structure/src/main/java/org/biojava/nbio/structure/align/fatcat/calc/AFPChainer.java,522,"			System.err.println(String.format(""AFPChainer Warning: the twists number is not consistent %d %d\n"", afpChainTwiNum, twist));
"
VA_FORMAT_STRING_USES_NEWLINE,/home/codegex/Documents/workspace/codegex/rbugs_experiments/top100repos/biojava/biojava-structure/src/main/java/org/biojava/nbio/structure/align/fatcat/calc/AFPChainer.java,533,"			System.err.println(String.format(""AFPChainer Warning: fail in alignment score checking %.4f %.4f\n"", alignScore, checkscore));
"
IIO_INEFFICIENT_INDEX_OF,/home/codegex/Documents/workspace/codegex/rbugs_experiments/top100repos/biojava/biojava-structure/src/main/java/org/biojava/nbio/structure/quaternary/BioAssemblyTools.java,53,"		int first = expression.indexOf(""("");
"
IIO_INEFFICIENT_LAST_INDEX_OF,/home/codegex/Documents/workspace/codegex/rbugs_experiments/top100repos/biojava/biojava-structure/src/main/java/org/biojava/nbio/structure/quaternary/BioAssemblyTools.java,54,"		int last = expression.lastIndexOf(""("");
"
VA_FORMAT_STRING_USES_NEWLINE,/home/codegex/Documents/workspace/codegex/rbugs_experiments/top100repos/biojava/biojava-structure/src/main/java/org/biojava/nbio/structure/domain/pdp/Cut.java,170,"		if(verbose) System.out.println(String.format(""  --- Trying to cut domain of size %d having %d segments and  average cont_density %f\n"",dom.size,dom.nseg,average_density));
"
SA_SELF_COMPUTATION,/home/codegex/Documents/workspace/codegex/rbugs_experiments/top100repos/biojava/biojava-structure/src/main/java/org/biojava/nbio/structure/domain/pdp/Cut.java,73,"			for(jseg=0;jseg<iseg;jseg++)
				size1t+=(dom.getSegmentAtPos(jseg).getFrom() - dom.getSegmentAtPos(jseg).getFrom() + 1);
"
IIO_INEFFICIENT_INDEX_OF,/home/codegex/Documents/workspace/codegex/rbugs_experiments/top100repos/biojava/biojava-core/src/main/java/org/biojava/nbio/core/sequence/io/GenericFastaHeaderParser.java,155,"		} else if (data[0].indexOf("":"") != -1 && data.length > 1 && data[1].equals(""PDBID"")) {
"
