NM_SAME_SIMPLE_NAME_AS_SUPERCLASS,org/owasp/benchmark/helpers/ExpressionEvaluator.java,29
DMI_RANDOM_USED_ONLY_ONCE,org/owasp/benchmark/testcode/BenchmarkTest00023.java,49
DMI_RANDOM_USED_ONLY_ONCE,org/owasp/benchmark/testcode/BenchmarkTest00078.java,71
DMI_RANDOM_USED_ONLY_ONCE,org/owasp/benchmark/testcode/BenchmarkTest00079.java,72
DMI_RANDOM_USED_ONLY_ONCE,org/owasp/benchmark/testcode/BenchmarkTest00080.java,67
DMI_RANDOM_USED_ONLY_ONCE,org/owasp/benchmark/testcode/BenchmarkTest00081.java,67
DMI_RANDOM_USED_ONLY_ONCE,org/owasp/benchmark/testcode/BenchmarkTest00084.java,68
DMI_RANDOM_USED_ONLY_ONCE,org/owasp/benchmark/testcode/BenchmarkTest00085.java,72
DMI_RANDOM_USED_ONLY_ONCE,org/owasp/benchmark/testcode/BenchmarkTest00086.java,73
DMI_RANDOM_USED_ONLY_ONCE,org/owasp/benchmark/testcode/BenchmarkTest00160.java,60
DMI_RANDOM_USED_ONLY_ONCE,org/owasp/benchmark/testcode/BenchmarkTest00161.java,61
DMI_RANDOM_USED_ONLY_ONCE,org/owasp/benchmark/testcode/BenchmarkTest00162.java,55
DMI_RANDOM_USED_ONLY_ONCE,org/owasp/benchmark/testcode/BenchmarkTest00163.java,56
DMI_RANDOM_USED_ONLY_ONCE,org/owasp/benchmark/testcode/BenchmarkTest00164.java,61
DMI_RANDOM_USED_ONLY_ONCE,org/owasp/benchmark/testcode/BenchmarkTest00165.java,58
DMI_RANDOM_USED_ONLY_ONCE,org/owasp/benchmark/testcode/BenchmarkTest00166.java,55
DMI_RANDOM_USED_ONLY_ONCE,org/owasp/benchmark/testcode/BenchmarkTest00167.java,59
DMI_RANDOM_USED_ONLY_ONCE,org/owasp/benchmark/testcode/BenchmarkTest00168.java,61
DMI_RANDOM_USED_ONLY_ONCE,org/owasp/benchmark/testcode/BenchmarkTest00230.java,68
DMI_RANDOM_USED_ONLY_ONCE,org/owasp/benchmark/testcode/BenchmarkTest00231.java,69
DMI_RANDOM_USED_ONLY_ONCE,org/owasp/benchmark/testcode/BenchmarkTest00232.java,70
DMI_RANDOM_USED_ONLY_ONCE,org/owasp/benchmark/testcode/BenchmarkTest00235.java,65
DMI_RANDOM_USED_ONLY_ONCE,org/owasp/benchmark/testcode/BenchmarkTest00236.java,70
DMI_RANDOM_USED_ONLY_ONCE,org/owasp/benchmark/testcode/BenchmarkTest00237.java,83
DMI_RANDOM_USED_ONLY_ONCE,org/owasp/benchmark/testcode/BenchmarkTest00238.java,68
DMI_RANDOM_USED_ONLY_ONCE,org/owasp/benchmark/testcode/BenchmarkTest00239.java,77
DMI_RANDOM_USED_ONLY_ONCE,org/owasp/benchmark/testcode/BenchmarkTest00240.java,65
DMI_RANDOM_USED_ONLY_ONCE,org/owasp/benchmark/testcode/BenchmarkTest00296.java,63
DMI_RANDOM_USED_ONLY_ONCE,org/owasp/benchmark/testcode/BenchmarkTest00297.java,58
DMI_RANDOM_USED_ONLY_ONCE,org/owasp/benchmark/testcode/BenchmarkTest00299.java,63
DMI_RANDOM_USED_ONLY_ONCE,org/owasp/benchmark/testcode/BenchmarkTest00347.java,49
DMI_RANDOM_USED_ONLY_ONCE,org/owasp/benchmark/testcode/BenchmarkTest00397.java,52
DMI_RANDOM_USED_ONLY_ONCE,org/owasp/benchmark/testcode/BenchmarkTest00398.java,56
DMI_RANDOM_USED_ONLY_ONCE,org/owasp/benchmark/testcode/BenchmarkTest00399.java,64
DMI_RANDOM_USED_ONLY_ONCE,org/owasp/benchmark/testcode/BenchmarkTest00400.java,69
DMI_RANDOM_USED_ONLY_ONCE,org/owasp/benchmark/testcode/BenchmarkTest00402.java,54
DMI_RANDOM_USED_ONLY_ONCE,org/owasp/benchmark/testcode/BenchmarkTest00482.java,56
DMI_RANDOM_USED_ONLY_ONCE,org/owasp/benchmark/testcode/BenchmarkTest00483.java,62
DMI_RANDOM_USED_ONLY_ONCE,org/owasp/benchmark/testcode/BenchmarkTest00484.java,61
DMI_RANDOM_USED_ONLY_ONCE,org/owasp/benchmark/testcode/BenchmarkTest00486.java,55
DMI_RANDOM_USED_ONLY_ONCE,org/owasp/benchmark/testcode/BenchmarkTest00487.java,60
DMI_RANDOM_USED_ONLY_ONCE,org/owasp/benchmark/testcode/BenchmarkTest00488.java,65
DMI_RANDOM_USED_ONLY_ONCE,org/owasp/benchmark/testcode/BenchmarkTest00489.java,60
DMI_RANDOM_USED_ONLY_ONCE,org/owasp/benchmark/testcode/BenchmarkTest00490.java,65
DMI_RANDOM_USED_ONLY_ONCE,org/owasp/benchmark/testcode/BenchmarkTest00560.java,70
DMI_RANDOM_USED_ONLY_ONCE,org/owasp/benchmark/testcode/BenchmarkTest00561.java,74
DMI_RANDOM_USED_ONLY_ONCE,org/owasp/benchmark/testcode/BenchmarkTest00562.java,83
DMI_RANDOM_USED_ONLY_ONCE,org/owasp/benchmark/testcode/BenchmarkTest00563.java,64
DMI_RANDOM_USED_ONLY_ONCE,org/owasp/benchmark/testcode/BenchmarkTest00564.java,65
DMI_RANDOM_USED_ONLY_ONCE,org/owasp/benchmark/testcode/BenchmarkTest00652.java,53
DMI_RANDOM_USED_ONLY_ONCE,org/owasp/benchmark/testcode/BenchmarkTest00653.java,57
DMI_RANDOM_USED_ONLY_ONCE,org/owasp/benchmark/testcode/BenchmarkTest00654.java,61
DMI_RANDOM_USED_ONLY_ONCE,org/owasp/benchmark/testcode/BenchmarkTest00733.java,54
DMI_RANDOM_USED_ONLY_ONCE,org/owasp/benchmark/testcode/BenchmarkTest00734.java,72
DMI_RANDOM_USED_ONLY_ONCE,org/owasp/benchmark/testcode/BenchmarkTest00735.java,63
DMI_RANDOM_USED_ONLY_ONCE,org/owasp/benchmark/testcode/BenchmarkTest00817.java,77
DMI_RANDOM_USED_ONLY_ONCE,org/owasp/benchmark/testcode/BenchmarkTest00818.java,67
DMI_RANDOM_USED_ONLY_ONCE,org/owasp/benchmark/testcode/BenchmarkTest00819.java,70
DMI_RANDOM_USED_ONLY_ONCE,org/owasp/benchmark/testcode/BenchmarkTest00898.java,55
DMI_RANDOM_USED_ONLY_ONCE,org/owasp/benchmark/testcode/BenchmarkTest00899.java,69
DMI_RANDOM_USED_ONLY_ONCE,org/owasp/benchmark/testcode/BenchmarkTest00900.java,69
DMI_RANDOM_USED_ONLY_ONCE,org/owasp/benchmark/testcode/BenchmarkTest00902.java,55
DMI_RANDOM_USED_ONLY_ONCE,org/owasp/benchmark/testcode/BenchmarkTest00971.java,65
DMI_RANDOM_USED_ONLY_ONCE,org/owasp/benchmark/testcode/BenchmarkTest00972.java,65
DMI_RANDOM_USED_ONLY_ONCE,org/owasp/benchmark/testcode/BenchmarkTest00973.java,65
DMI_RANDOM_USED_ONLY_ONCE,org/owasp/benchmark/testcode/BenchmarkTest00976.java,65
DMI_RANDOM_USED_ONLY_ONCE,org/owasp/benchmark/testcode/BenchmarkTest01058.java,54
DMI_RANDOM_USED_ONLY_ONCE,org/owasp/benchmark/testcode/BenchmarkTest01059.java,53
DMI_RANDOM_USED_ONLY_ONCE,org/owasp/benchmark/testcode/BenchmarkTest01060.java,53
DMI_RANDOM_USED_ONLY_ONCE,org/owasp/benchmark/testcode/BenchmarkTest01127.java,62
DMI_RANDOM_USED_ONLY_ONCE,org/owasp/benchmark/testcode/BenchmarkTest01128.java,62
DMI_RANDOM_USED_ONLY_ONCE,org/owasp/benchmark/testcode/BenchmarkTest01130.java,62
DMI_RANDOM_USED_ONLY_ONCE,org/owasp/benchmark/testcode/BenchmarkTest01131.java,62
DMI_RANDOM_USED_ONLY_ONCE,org/owasp/benchmark/testcode/BenchmarkTest01132.java,62
DMI_RANDOM_USED_ONLY_ONCE,org/owasp/benchmark/testcode/BenchmarkTest01133.java,62
DMI_RANDOM_USED_ONLY_ONCE,org/owasp/benchmark/testcode/BenchmarkTest01183.java,55
DMI_RANDOM_USED_ONLY_ONCE,org/owasp/benchmark/testcode/BenchmarkTest01184.java,55
DMI_RANDOM_USED_ONLY_ONCE,org/owasp/benchmark/testcode/BenchmarkTest01271.java,48
DMI_RANDOM_USED_ONLY_ONCE,org/owasp/benchmark/testcode/BenchmarkTest01272.java,48
DMI_RANDOM_USED_ONLY_ONCE,org/owasp/benchmark/testcode/BenchmarkTest01273.java,48
DMI_RANDOM_USED_ONLY_ONCE,org/owasp/benchmark/testcode/BenchmarkTest01276.java,48
DMI_RANDOM_USED_ONLY_ONCE,org/owasp/benchmark/testcode/BenchmarkTest01277.java,48
DMI_RANDOM_USED_ONLY_ONCE,org/owasp/benchmark/testcode/BenchmarkTest01278.java,48
DMI_RANDOM_USED_ONLY_ONCE,org/owasp/benchmark/testcode/BenchmarkTest01279.java,48
DMI_RANDOM_USED_ONLY_ONCE,org/owasp/benchmark/testcode/BenchmarkTest01354.java,53
DMI_RANDOM_USED_ONLY_ONCE,org/owasp/benchmark/testcode/BenchmarkTest01355.java,53
DMI_RANDOM_USED_ONLY_ONCE,org/owasp/benchmark/testcode/BenchmarkTest01356.java,53
DMI_RANDOM_USED_ONLY_ONCE,org/owasp/benchmark/testcode/BenchmarkTest01357.java,53
DMI_RANDOM_USED_ONLY_ONCE,org/owasp/benchmark/testcode/BenchmarkTest01358.java,53
DMI_RANDOM_USED_ONLY_ONCE,org/owasp/benchmark/testcode/BenchmarkTest01431.java,62
DMI_RANDOM_USED_ONLY_ONCE,org/owasp/benchmark/testcode/BenchmarkTest01432.java,62
DMI_RANDOM_USED_ONLY_ONCE,org/owasp/benchmark/testcode/BenchmarkTest01434.java,62
DMI_RANDOM_USED_ONLY_ONCE,org/owasp/benchmark/testcode/BenchmarkTest01435.java,62
DMI_RANDOM_USED_ONLY_ONCE,org/owasp/benchmark/testcode/BenchmarkTest01518.java,49
DMI_RANDOM_USED_ONLY_ONCE,org/owasp/benchmark/testcode/BenchmarkTest01519.java,49
DMI_RANDOM_USED_ONLY_ONCE,org/owasp/benchmark/testcode/BenchmarkTest01520.java,49
DMI_RANDOM_USED_ONLY_ONCE,org/owasp/benchmark/testcode/BenchmarkTest01602.java,51
DMI_RANDOM_USED_ONLY_ONCE,org/owasp/benchmark/testcode/BenchmarkTest01603.java,51
DMI_RANDOM_USED_ONLY_ONCE,org/owasp/benchmark/testcode/BenchmarkTest01675.java,63
DMI_RANDOM_USED_ONLY_ONCE,org/owasp/benchmark/testcode/BenchmarkTest01676.java,62
DMI_RANDOM_USED_ONLY_ONCE,org/owasp/benchmark/testcode/BenchmarkTest01677.java,62
DMI_RANDOM_USED_ONLY_ONCE,org/owasp/benchmark/testcode/BenchmarkTest01678.java,62
DMI_RANDOM_USED_ONLY_ONCE,org/owasp/benchmark/testcode/BenchmarkTest01679.java,62
DMI_RANDOM_USED_ONLY_ONCE,org/owasp/benchmark/testcode/BenchmarkTest01681.java,62
DMI_RANDOM_USED_ONLY_ONCE,org/owasp/benchmark/testcode/BenchmarkTest01781.java,48
DMI_RANDOM_USED_ONLY_ONCE,org/owasp/benchmark/testcode/BenchmarkTest01782.java,48
DMI_RANDOM_USED_ONLY_ONCE,org/owasp/benchmark/testcode/BenchmarkTest01783.java,48
DMI_RANDOM_USED_ONLY_ONCE,org/owasp/benchmark/testcode/BenchmarkTest01784.java,48
DMI_RANDOM_USED_ONLY_ONCE,org/owasp/benchmark/testcode/BenchmarkTest01785.java,48
DMI_RANDOM_USED_ONLY_ONCE,org/owasp/benchmark/testcode/BenchmarkTest01786.java,48
DMI_RANDOM_USED_ONLY_ONCE,org/owasp/benchmark/testcode/BenchmarkTest01787.java,48
DMI_RANDOM_USED_ONLY_ONCE,org/owasp/benchmark/testcode/BenchmarkTest01788.java,48
DMI_RANDOM_USED_ONLY_ONCE,org/owasp/benchmark/testcode/BenchmarkTest01853.java,66
DMI_RANDOM_USED_ONLY_ONCE,org/owasp/benchmark/testcode/BenchmarkTest01854.java,65
DMI_RANDOM_USED_ONLY_ONCE,org/owasp/benchmark/testcode/BenchmarkTest01855.java,65
DMI_RANDOM_USED_ONLY_ONCE,org/owasp/benchmark/testcode/BenchmarkTest01856.java,65
DMI_RANDOM_USED_ONLY_ONCE,org/owasp/benchmark/testcode/BenchmarkTest01857.java,65
DMI_RANDOM_USED_ONLY_ONCE,org/owasp/benchmark/testcode/BenchmarkTest01858.java,65
DMI_RANDOM_USED_ONLY_ONCE,org/owasp/benchmark/testcode/BenchmarkTest01859.java,65
DMI_RANDOM_USED_ONLY_ONCE,org/owasp/benchmark/testcode/BenchmarkTest01860.java,65
DMI_RANDOM_USED_ONLY_ONCE,org/owasp/benchmark/testcode/BenchmarkTest01930.java,53
DMI_RANDOM_USED_ONLY_ONCE,org/owasp/benchmark/testcode/BenchmarkTest01931.java,53
DMI_RANDOM_USED_ONLY_ONCE,org/owasp/benchmark/testcode/BenchmarkTest01932.java,53
DMI_RANDOM_USED_ONLY_ONCE,org/owasp/benchmark/testcode/BenchmarkTest01933.java,53
DMI_RANDOM_USED_ONLY_ONCE,org/owasp/benchmark/testcode/BenchmarkTest01934.java,53
DMI_RANDOM_USED_ONLY_ONCE,org/owasp/benchmark/testcode/BenchmarkTest01999.java,63
DMI_RANDOM_USED_ONLY_ONCE,org/owasp/benchmark/testcode/BenchmarkTest02000.java,63
DMI_RANDOM_USED_ONLY_ONCE,org/owasp/benchmark/testcode/BenchmarkTest02001.java,62
DMI_RANDOM_USED_ONLY_ONCE,org/owasp/benchmark/testcode/BenchmarkTest02003.java,62
DMI_RANDOM_USED_ONLY_ONCE,org/owasp/benchmark/testcode/BenchmarkTest02004.java,62
DMI_RANDOM_USED_ONLY_ONCE,org/owasp/benchmark/testcode/BenchmarkTest02060.java,55
DMI_RANDOM_USED_ONLY_ONCE,org/owasp/benchmark/testcode/BenchmarkTest02061.java,55
DMI_RANDOM_USED_ONLY_ONCE,org/owasp/benchmark/testcode/BenchmarkTest02062.java,55
DMI_RANDOM_USED_ONLY_ONCE,org/owasp/benchmark/testcode/BenchmarkTest02063.java,55
DMI_RANDOM_USED_ONLY_ONCE,org/owasp/benchmark/testcode/BenchmarkTest02138.java,49
DMI_RANDOM_USED_ONLY_ONCE,org/owasp/benchmark/testcode/BenchmarkTest02139.java,48
DMI_RANDOM_USED_ONLY_ONCE,org/owasp/benchmark/testcode/BenchmarkTest02140.java,48
DMI_RANDOM_USED_ONLY_ONCE,org/owasp/benchmark/testcode/BenchmarkTest02141.java,48
DMI_RANDOM_USED_ONLY_ONCE,org/owasp/benchmark/testcode/BenchmarkTest02337.java,62
DMI_RANDOM_USED_ONLY_ONCE,org/owasp/benchmark/testcode/BenchmarkTest02338.java,62
DMI_RANDOM_USED_ONLY_ONCE,org/owasp/benchmark/testcode/BenchmarkTest02415.java,50
DMI_RANDOM_USED_ONLY_ONCE,org/owasp/benchmark/testcode/BenchmarkTest02416.java,49
DMI_RANDOM_USED_ONLY_ONCE,org/owasp/benchmark/testcode/BenchmarkTest02417.java,49
DMI_RANDOM_USED_ONLY_ONCE,org/owasp/benchmark/testcode/BenchmarkTest02418.java,49
DMI_RANDOM_USED_ONLY_ONCE,org/owasp/benchmark/testcode/BenchmarkTest02419.java,49
DMI_RANDOM_USED_ONLY_ONCE,org/owasp/benchmark/testcode/BenchmarkTest02420.java,49
DMI_RANDOM_USED_ONLY_ONCE,org/owasp/benchmark/testcode/BenchmarkTest02421.java,49
DMI_RANDOM_USED_ONLY_ONCE,org/owasp/benchmark/testcode/BenchmarkTest02422.java,49
DMI_RANDOM_USED_ONLY_ONCE,org/owasp/benchmark/testcode/BenchmarkTest02424.java,49
DMI_RANDOM_USED_ONLY_ONCE,org/owasp/benchmark/testcode/BenchmarkTest02425.java,49
DMI_RANDOM_USED_ONLY_ONCE,org/owasp/benchmark/testcode/BenchmarkTest02426.java,49
DMI_RANDOM_USED_ONLY_ONCE,org/owasp/benchmark/testcode/BenchmarkTest02497.java,51
DMI_RANDOM_USED_ONLY_ONCE,org/owasp/benchmark/testcode/BenchmarkTest02498.java,51
DMI_RANDOM_USED_ONLY_ONCE,org/owasp/benchmark/testcode/BenchmarkTest02499.java,51
DMI_RANDOM_USED_ONLY_ONCE,org/owasp/benchmark/testcode/BenchmarkTest02500.java,51
DMI_RANDOM_USED_ONLY_ONCE,org/owasp/benchmark/testcode/BenchmarkTest02501.java,51
DMI_RANDOM_USED_ONLY_ONCE,org/owasp/benchmark/testcode/BenchmarkTest02502.java,51
DMI_RANDOM_USED_ONLY_ONCE,org/owasp/benchmark/testcode/BenchmarkTest02503.java,51
DMI_RANDOM_USED_ONLY_ONCE,org/owasp/benchmark/testcode/BenchmarkTest02504.java,51
DMI_RANDOM_USED_ONLY_ONCE,org/owasp/benchmark/testcode/BenchmarkTest02505.java,51
DMI_RANDOM_USED_ONLY_ONCE,org/owasp/benchmark/testcode/BenchmarkTest02506.java,51
DMI_RANDOM_USED_ONLY_ONCE,org/owasp/benchmark/testcode/BenchmarkTest02602.java,63
DMI_RANDOM_USED_ONLY_ONCE,org/owasp/benchmark/testcode/BenchmarkTest02603.java,63
DMI_RANDOM_USED_ONLY_ONCE,org/owasp/benchmark/testcode/BenchmarkTest02604.java,62
DMI_RANDOM_USED_ONLY_ONCE,org/owasp/benchmark/testcode/BenchmarkTest02605.java,62
DMI_RANDOM_USED_ONLY_ONCE,org/owasp/benchmark/testcode/BenchmarkTest02606.java,62
DMI_RANDOM_USED_ONLY_ONCE,org/owasp/benchmark/testcode/BenchmarkTest02700.java,49
DMI_RANDOM_USED_ONLY_ONCE,org/owasp/benchmark/testcode/BenchmarkTest02701.java,49
DMI_RANDOM_USED_ONLY_ONCE,org/owasp/benchmark/testcode/BenchmarkTest02702.java,48
DMI_RANDOM_USED_ONLY_ONCE,org/owasp/benchmark/testcode/BenchmarkTest02703.java,48
DMI_RANDOM_USED_ONLY_ONCE,org/owasp/benchmark/testcode/BenchmarkTest02704.java,48
DMI_RANDOM_USED_ONLY_ONCE,org/owasp/benchmark/testcode/BenchmarkTest02705.java,48
DMI_RANDOM_USED_ONLY_ONCE,org/owasp/benchmark/testcode/BenchmarkTest02706.java,48
DMI_RANDOM_USED_ONLY_ONCE,org/owasp/benchmark/testcode/BenchmarkTest02707.java,48
DMI_RANDOM_USED_ONLY_ONCE,org/owasp/benchmark/testcode/BenchmarkTest02708.java,48
