DM_DEFAULT_ENCODING,pl/jpetryk/redditbot/BotModule.java,50
SIC_INNER_SHOULD_BE_STATIC_ANON,pl/jpetryk/redditbot/BotModule.java,63
DM_BOXED_PRIMITIVE_FOR_PARSING,pl/jpetryk/redditbot/Runner.java,30
DM_CONVERT_CASE,pl/jpetryk/redditbot/bot/impl/TweetsInCommentsBot.java,56
DM_CONVERT_CASE,pl/jpetryk/redditbot/bot/impl/TweetsInCommentsBot.java,62
DM_DEFAULT_ENCODING,pl/jpetryk/redditbot/connectors/ImgurConnector.java,54
DM_DEFAULT_ENCODING,pl/jpetryk/redditbot/connectors/ImgurConnector.java,41
OS_OPEN_STREAM_EXCEPTION_PATH,pl/jpetryk/redditbot/connectors/ImgurConnector.java,53
ICAST_INTEGER_MULTIPLY_CAST_TO_LONG,pl/jpetryk/redditbot/connectors/Twitter4JConnector.java,55
EQ_DOESNT_OVERRIDE_EQUALS,pl/jpetryk/redditbot/model/TweetWithRehostedImages.java,1
DM_CONVERT_CASE,pl/jpetryk/redditbot/utils/ResponseCommentCreator.java,58
SBSC_USE_STRINGBUFFER_CONCATENATION,pl/jpetryk/redditbot/utils/ResponseCommentCreator.java,45
